"ONU external ID","PON Type",SN,"Onu Type",Name,OLT,Board,Port,"Allocated ONU",Zone,Address,Latitude,Longitude,"ODB (Splitter)","ODB Port",Mode,"WAN mode","IP address","Subnet mask","Default gateway",DNS1,DNS2,Username,Password,CATV,"Administrative status","Auth date",Status,Signal,"Signal 1310","Signal 1490",Distance(m),"Service port","Service port VLAN","Service port CVLAN","Service port SVLAN","Service port tag transform mode","Service port upload speed","Service port download speed",Contact,"TR069 Profile","TR069 Device ID","Last status change"
HWTC5950208C,gpon,HWTC5950208C,HG8310M,vescudero3,"Villa Dolores 2",1,0,8,Zone,,,,,,Bridging,,,,,,,,,"Not supported by ONU-Type",Enabled,"2023-09-21 17:46:42",Online,"Very good",-26.78,-23.37,8319,3191,120,,,translate,300Mbps,300Mbps,,,,"2026-03-29 07:37:34"
HWTC7D74785D,gpon,HWTC7D74785D,HG8310M,psmonllorsalinas,"Villa Dolores 2",1,0,28,Zone,,,,,,Bridging,,,,,,,,,"Not supported by ONU-Type",Enabled,"2024-10-28 10:13:43",Online,"Very good",-26.99,-22.84,8757,2494,140,,,translate,300Mbps,300Mbps,,,,"2026-03-24 19:33:38"
HWTC22F3CF9B,gpon,HWTC22F3CF9B,IC425ETB,framos,"Villa Dolores 2",1,1,40,Zone,,,,,,Bridging,,,,,,,,,Enabled,Enabled,"2023-11-24 10:25:27",Online,"Very good",-23.88,-22.92,6290,410,140,,,translate,300Mbps,300Mbps,,,,"2026-04-16 15:08:22"
HWTC22F8BF9B,gpon,HWTC22F8BF9B,IC425ETB,mjsosa,"Villa Dolores 2",1,1,98,Zone,,,,,,Bridging,,,,,,,,,Enabled,Enabled,"2025-04-08 16:57:18",Online,"Very good",-24.56,-21.19,6266,443,140,,,translate,300Mbps,300Mbps,,,,"2026-04-11 15:36:16"
HWTCA7189A94,gpon,HWTCA7189A94,HG8010H,jmramos,"Villa Dolores 2",1,2,20,Zone,,,,,,Bridging,,,,,,,,,"Not supported by ONU-Type",Enabled,"2024-12-13 10:52:06",Online,"Very good",-29.59,-28.24,2768,462,140,,,translate,300Mbps,300Mbps,,,,"2026-03-05 08:11:21"
HWTC233BFF9B,gpon,HWTC233BFF9B,IC425ETB,bfortini1,"Villa Dolores 2",1,2,70,Zone,,,,,,Bridging,,,,,,,,,Enabled,Enabled,"2024-12-17 19:22:30",Online,"Very good",-29.21,-30,3105,5760,200,,,translate,1G,1G,,,,"2026-03-05 08:11:21"
TPLG8BDDDFDE,gpon,TPLG8BDDDFDE,TX-6610,lmcebrero,"Villa Dolores 2",1,3,33,Zone,,,,,,Bridging,,,,,,,,,Enabled,Enabled,"2025-01-31 17:52:01",Online,"Very good",-28.24,-26.99,4171,3418,120,,,translate,300Mbps,300Mbps,,,,"2026-03-27 08:24:04"
HWTC2368FF9B,gpon,HWTC2368FF9B,IC425ETB,seidelson,"Villa Dolores 2",1,3,66,Zone,,,,,,Bridging,,,,,,,,,Enabled,Enabled,"2025-09-18 11:05:07",Online,"Very good",-27.96,-26.02,3892,427,140,,,translate,300Mbps,300Mbps,,,,"2026-04-16 08:11:19"
HWTC231A2F9B,gpon,HWTC231A2F9B,HG8010H,intmunivd,"Villa Dolores 2",1,4,9,"Zone 1",,,,,,Bridging,,,,,,,,,"Not supported by ONU-Type",Enabled,"2023-06-14 11:56:42",Online,"Very good",-27.22,-26.19,1963,525,140,,,translate,300Mbps,300Mbps,,,,"2026-04-14 07:20:26"
HWTC7D1D4B5D,gpon,HWTC7D1D4B5D,HG8310M,mbustos6,"Villa Dolores 2",1,4,12,Zone,,,,,,Bridging,,,,,,,,,"Not supported by ONU-Type",Enabled,"2023-10-09 11:29:33",Online,"Very good",-28.24,-28.86,2682,529,140,,,translate,300Mbps,300Mbps,,,,"2026-03-27 07:56:01"
HWTC2370AF9B,gpon,HWTC2370AF9B,HG8010H,muniturismo,"Villa Dolores 2",1,4,13,"Zone 1",,,,,,Bridging,,,,,,,,,"Not supported by ONU-Type",Enabled,"2023-06-21 11:44:44",Online,"Very good",-26.78,-26.99,2123,530,140,,,translate,300Mbps,300Mbps,,,,"2026-03-05 10:30:57"
HWTC23045F9B,gpon,HWTC23045F9B,IC425ETB,pemogadouro,"Villa Dolores 2",1,4,81,"Zone 1",,,,,,Bridging,,,,,,,,,Enabled,Enabled,,Online,"Very good",-26.99,-20.5,2649,549,140,,,translate,1G,1G,,,,"2026-04-11 15:43:46"
HWTC7D999B5D,gpon,HWTC7D999B5D,HG8310M,remachuca,"Villa Dolores 2",1,5,15,Zone,,,,,,Bridging,,,,,,,,,"Not supported by ONU-Type",Enabled,"2023-10-02 12:47:18",Online,"Very good",-26.78,-28.86,2865,334,140,,,translate,300Mbps,300Mbps,,,,"2026-03-20 11:17:05"
HWTC7D206F5D,gpon,HWTC7D206F5D,HG8310M,bunkern,"Villa Dolores 2",1,6,6,Zone,,,,,,Bridging,,,,,,,,,"Not supported by ONU-Type",Enabled,"2026-02-25 08:37:40",Online,"Very good",-22.22,-21.87,1038,845,120,,,translate,1G,1G,,,,"2026-03-05 08:11:21"
HWTC7D0F785D,gpon,HWTC7D0F785D,HG8310M,auditoriomuni,"Villa Dolores 2",1,6,49,Zone,,,,,,Bridging,,,,,,,,,"Not supported by ONU-Type",Enabled,"2024-06-12 10:54:49",Online,"Very good",-29.59,-33.97,1308,598,140,,,translate,300Mbps,300Mbps,,,,"2026-04-10 17:06:09"
TPLGB5E002DB,gpon,TPLGB5E002DB,TX-6610,falaniz3,"Villa Dolores 2",1,7,9,Zone,,,,,,Bridging,,,,,,,,,Enabled,Enabled,"2024-12-02 17:35:36",Online,"Very good",-26.03,-22.67,2986,1822,120,,,translate,300Mbps,300Mbps,,,,"2026-03-05 08:11:21"
HWTC22F3DF9B,gpon,HWTC22F3DF9B,HG8010H,klopez1,"Villa Dolores 2",1,8,18,"Zone 1",,,,,,Bridging,,,,,,,,,"Not supported by ONU-Type",Enabled,"2023-06-07 12:12:58",Online,"Very good",-24.95,-22,1466,639,140,,,translate,300Mbps,300Mbps,,,,"2026-03-05 08:11:21"
HWTC23215F9B,gpon,HWTC23215F9B,HG8010H,kfunes,"Villa Dolores 2",1,8,19,"Zone 1",,,,,,Bridging,,,,,,,,,"Not supported by ONU-Type",Enabled,"2023-06-16 10:55:25",Online,"Very good",-24.82,-21.8,1855,640,140,,,translate,300Mbps,300Mbps,,,,"2026-04-03 09:25:14"
HWTC22DF5F9B,gpon,HWTC22DF5F9B,HG8010H,lrubiolo,"Villa Dolores 2",1,8,21,"Zone 1",,,,,,Bridging,,,,,,,,,"Not supported by ONU-Type",Enabled,"2023-06-23 12:14:37",Online,"Very good",-25.53,-22.36,1361,641,140,,,translate,300Mbps,300Mbps,,,,"2026-04-03 17:23:23"
HWTC230CAF9B,gpon,HWTC230CAF9B,EG8141A5,mcabramo,"Villa Dolores 2",1,8,24,Zone,,,,,,Bridging,,,,,,,,,Enabled,Enabled,"2023-07-04 15:49:35",Online,Warning,-30.46,-29.58,1435,642,140,,,translate,300Mbps,300Mbps,,,,"2026-03-05 08:11:21"
TPLGE31A99A4,gpon,TPLGE31A99A4,TX-6610,cbroldan,"Villa Dolores 2",1,8,43,Zone,,,,,,Bridging,,,,,,,,,Enabled,Enabled,"2025-02-12 19:25:13",Online,"Very good",-27.22,-24.56,1793,5800,120,,,translate,300Mbps,300Mbps,,,,"2026-03-05 08:11:21"
HWTC234E2F9B,gpon,HWTC234E2F9B,EG8141A5,wtramos,"Villa Dolores 2",1,9,4,Zone,,,,,,Bridging,,,,,,,,,Enabled,Enabled,"2023-07-04 10:07:37",Online,"Very good",-24.69,-23.66,3713,649,140,,,translate,300Mbps,300Mbps,,,,"2026-04-16 10:04:13"
HWTC22C6CF9B,gpon,HWTC22C6CF9B,EG8141A5,alopez3,"Villa Dolores 2",1,9,7,Zone,,,,,,Bridging,,,,,,,,,Enabled,Enabled,"2023-07-06 18:12:12",Online,"Very good",-23.67,-24.68,2887,650,140,,,translate,300Mbps,300Mbps,,,,"2026-03-05 08:11:21"
HWTC2315DF9B,gpon,HWTC2315DF9B,EG8141A5,yalbornoz,"Villa Dolores 2",1,9,8,Zone,,,,,,Bridging,,,,,,,,,Enabled,Enabled,"2023-07-07 08:55:18",Online,"Very good",-25.09,-25.37,3193,652,140,,,translate,300Mbps,300Mbps,,,,"2026-04-06 21:54:55"
HWTC22DB2F9B,gpon,HWTC22DB2F9B,EG8141A5,mtoranzo,"Villa Dolores 2",1,9,12,Zone,,,,,,Bridging,,,,,,,,,Enabled,Enabled,"2023-07-10 09:11:09",Online,"Very good",-23.77,-17.23,2943,653,140,,,translate,300Mbps,300Mbps,,,,"2026-04-11 00:49:07"
HWTC22ED9F9B,gpon,HWTC22ED9F9B,EG8141A5,vnieto,"Villa Dolores 2",1,9,14,Zone,,,,,,Bridging,,,,,,,,,Enabled,Enabled,"2023-07-14 16:19:06",Online,"Very good",-24.32,-15.36,3547,389,140,,,translate,300Mbps,300Mbps,,,,"2026-04-13 22:49:41"
HWTC22E6EF9B,gpon,HWTC22E6EF9B,EG8141A5,pperez1,"Villa Dolores 2",1,9,17,Zone,,,,,,Bridging,,,,,,,,,Enabled,Enabled,"2023-07-17 17:15:36",Online,"Very good",-26.39,-26.19,3863,2744,120,,,translate,300Mbps,300Mbps,,,,"2026-04-10 15:35:09"
HWTC22D33F9B,gpon,HWTC22D33F9B,IC425ETB,mcuello1,"Villa Dolores 2",1,9,20,Zone,,,,,,Bridging,,,,,,,,,Enabled,Enabled,"2023-08-02 12:38:23",Online,"Very good",-24.56,-26.19,3905,654,140,,,translate,300Mbps,300Mbps,,,,"2026-03-30 09:57:03"
HWTC22CAEF9B,gpon,HWTC22CAEF9B,IC425ETB,msosa4,"Villa Dolores 2",1,9,22,Zone,,,,,,Bridging,,,,,,,,,Enabled,Enabled,"2023-08-04 16:00:04",Online,"Very good",-24.56,-25.23,3519,657,140,,,translate,300Mbps,300Mbps,,,,"2026-03-24 00:09:11"
HWTC234C5F9B,gpon,HWTC234C5F9B,IC425ETB,mrojas2,"Villa Dolores 2",1,9,23,Zone,,,,,,Bridging,,,,,,,,,Enabled,Enabled,"2026-03-06 09:37:19",Online,"Very good",-25.69,-26.38,3994,658,120,,,translate,300Mbps,300Mbps,,,,"2026-03-12 09:47:38"
HWTC22CDCF9B,gpon,HWTC22CDCF9B,IC425ETB,pguzman,"Villa Dolores 2",1,9,24,Zone,,,,,,Bridging,,,,,,,,,Enabled,Enabled,"2023-08-14 16:38:42",Online,"Very good",-29.59,-30.45,3943,659,140,,,translate,300Mbps,300Mbps-UP,,,,"2026-03-12 09:47:38"
HWTC22CDBF9B,gpon,HWTC22CDBF9B,IC425ETB,bformini,"Villa Dolores 2",1,9,26,Zone,,,,,,Bridging,,,,,,,,,Enabled,Enabled,"2023-08-15 10:48:53",Online,"Very good",-24.32,-24.95,3783,660,140,,,translate,300Mbps,300Mbps,,,,"2026-04-10 08:43:50"
HWTC7DB4855D,gpon,HWTC7DB4855D,HG8310M,coyola3,"Villa Dolores 2",1,9,29,Zone,,,,,,Bridging,,,,,,,,,"Not supported by ONU-Type",Enabled,"2023-09-19 18:09:47",Online,"Very good",-28.54,-28.54,3670,662,140,,,translate,300Mbps,300Mbps,,,,"2026-03-05 08:11:21"
HWTC5986478C,gpon,HWTC5986478C,HG8310M,radiomuni,"Villa Dolores 2",1,9,31,Zone,,,,,,Bridging,,,,,,,,,"Not supported by ONU-Type",Enabled,"2023-10-06 12:06:11",Online,"Very good",-24.82,-27.21,3482,664,140,,,translate,1G,1G,,,,"2026-03-12 09:47:38"
TPLG8BDDDC0F,gpon,TPLG8BDDDC0F,TX-6610,emmolina,"Villa Dolores 2",1,9,32,Zone,,,,,,Bridging,,,,,,,,,Enabled,Enabled,"2024-12-10 12:00:42",Online,"Very good",-25.38,-26.38,3725,1396,120,,,translate,300Mbps,300Mbps,,,,"2026-03-05 10:37:13"
TPLG8BDDDF00,gpon,TPLG8BDDDF00,TX-6610,moviedo1,"Villa Dolores 2",1,9,33,Zone,,,,,,Bridging,,,,,,,,,Enabled,Enabled,"2025-10-07 10:47:09",Online,"Very good",-26.03,-26.99,3946,1803,120,,,translate,300Mbps,300Mbps,,,,"2026-03-28 22:29:45"
HWTC232FAF9B,gpon,HWTC232FAF9B,IC425ETB,fvgil,"Villa Dolores 2",1,9,68,Zone,,,,,,Bridging,,,,,,,,,Enabled,Enabled,"2026-02-26 17:52:04",Online,"Very good",-26.03,-25.85,4099,851,120,,,translate,300Mbps,300Mbps,,,,"2026-03-05 09:48:18"
HWTCE664DD6D,gpon,HWTCE664DD6D,HG8240H,sdcharras,"Villa Dolores 2",1,10,6,Zone,,,,,,Bridging,,,,,,,,,"Not supported by ONU-Type",Enabled,"2024-10-24 10:02:55",Online,"Very good",-22.3,-19.17,2076,195,140,,,translate,300Mbps,300Mbps,,,,"2026-04-03 23:57:43"
HWTC23026F9B,gpon,HWTC23026F9B,HG8010H,hozan,"Villa Dolores 2",1,10,10,"Zone 1",,,,,,Bridging,,,,,,,,,"Not supported by ONU-Type",Enabled,"2023-06-13 16:12:17",Online,"Very good",-22.93,-20.04,1775,674,140,,,translate,300Mbps,300Mbps,,,,"2026-03-05 08:11:21"
HWTC232B1F9B,gpon,HWTC232B1F9B,HG8010H,gmoyano,"Villa Dolores 2",1,10,11,"Zone 1",,,,,,Bridging,,,,,,,,,"Not supported by ONU-Type",Enabled,"2023-06-15 16:39:16",Online,"Very good",-23.1,-19.91,1746,675,140,,,translate,300Mbps,300Mbps,,,,"2026-04-11 22:05:16"
HWTC2317DF9B,gpon,HWTC2317DF9B,HG8010H,lcoria,"Villa Dolores 2",1,10,13,"Zone 1",,,,,,Bridging,,,,,,,,,"Not supported by ONU-Type",Enabled,"2023-06-19 11:39:52",Online,"Very good",-27.22,-23.01,2052,676,140,,,translate,300Mbps,300Mbps,,,,"2026-03-05 08:11:21"
HWTC23183F9B,gpon,HWTC23183F9B,HG8010H,jortiz1,"Villa Dolores 2",1,10,14,"Zone 1",,,,,,Bridging,,,,,,,,,"Not supported by ONU-Type",Enabled,"2023-06-19 12:51:46",Online,"Very good",-23.98,-20.31,1815,1768,120,,,,300Mbps,300Mbps,,,,"2026-04-16 12:18:42"
HWTC2317CF9B,gpon,HWTC2317CF9B,HG8010H,cgheredia,"Villa Dolores 2",1,10,15,"Zone 1",,,,,,Bridging,,,,,,,,,"Not supported by ONU-Type",Enabled,"2023-06-21 16:35:38",Online,"Very good",-24.32,-22.44,2244,1791,120,,,,300Mbps,300Mbps,,,,"2026-03-05 08:11:21"
HWTC2370FF9B,gpon,HWTC2370FF9B,HG8010H,bcardinali,"Villa Dolores 2",1,10,16,"Zone 1",,,,,,Bridging,,,,,,,,,"Not supported by ONU-Type",Enabled,"2023-06-21 17:22:43",Online,"Very good",-21.49,-19.46,1810,677,140,,,translate,300Mbps,300Mbps,,,,"2026-03-05 08:11:21"
HWTC22DF4F9B,gpon,HWTC22DF4F9B,HG8010H,scordoba,"Villa Dolores 2",1,10,18,"Zone 1",,,,,,Bridging,,,,,,,,,"Not supported by ONU-Type",Enabled,"2023-06-22 11:51:31",Online,"Very good",-23.38,-20.36,2155,680,140,,,translate,300Mbps,300Mbps,,,,"2026-03-05 08:11:21"
HWTC2305FF9B,gpon,HWTC2305FF9B,IC425ETB,cpalacio,"Villa Dolores 2",1,10,25,Zone,,,,,,Bridging,,,,,,,,,Enabled,Enabled,"2023-08-23 18:39:44",Online,"Very good",-23.67,-21.55,2163,685,140,,,translate,300Mbps,300Mbps,,,,"2026-04-14 21:43:52"
HWTC234E1F9B,gpon,HWTC234E1F9B,EG8141A5,fandrada,"Villa Dolores 2",1,10,26,Zone,,,,,,Bridging,,,,,,,,,Enabled,Enabled,"2023-07-03 18:36:10",Online,"Very good",-22.76,-20.65,2101,687,140,,,translate,300Mbps,300Mbps,,,,"2026-03-05 08:11:21"
HWTC234E3F9B,gpon,HWTC234E3F9B,EG8141A5,aecornejo,"Villa Dolores 2",1,10,27,Zone,,,,,,Bridging,,,,,,,,,Enabled,Enabled,"2023-07-04 12:22:50",Online,"Very good",-25.69,-21.3,2161,688,140,,,translate,300Mbps,300Mbps,,,,"2026-03-05 08:11:21"
HWTC230BEF9B,gpon,HWTC230BEF9B,EG8141A5,cdquevedo,"Villa Dolores 2",1,10,28,Zone,,,,,,Bridging,,,,,,,,,Enabled,Enabled,"2023-07-04 17:22:09",Online,"Very good",-23.77,-23.76,1901,689,140,,,translate,300Mbps,300Mbps,,,,"2026-04-16 18:04:45"
HWTC22C6DF9B,gpon,HWTC22C6DF9B,EG8141A5,mdominguez,"Villa Dolores 2",1,10,29,Zone,,,,,,Bridging,,,,,,,,,Enabled,Enabled,"2023-07-05 09:55:21",Online,"Very good",-22.93,-20.04,2100,690,140,,,translate,300Mbps,300Mbps,,,,"2026-03-05 08:11:21"
HWTC22DD7F9B,gpon,HWTC22DD7F9B,EG8141A5,cmachuca1,"Villa Dolores 2",1,10,32,Zone,,,,,,Bridging,,,,,,,,,Enabled,Enabled,"2023-07-11 15:54:58",Online,"Very good",-23.38,-22.36,1702,691,140,,,translate,300Mbps,300Mbps,,,,"2026-03-05 08:11:21"
HWTCEFB00E8D,gpon,HWTCEFB00E8D,HG8240H,vzamora1,"Villa Dolores 2",1,11,0,Zone,,,,,,Bridging,,,,,,,,,"Not supported by ONU-Type",Enabled,"2025-10-31 18:11:06",Online,"Very good",-24.32,-22.52,2601,693,140,,,translate,300Mbps,300Mbps,,,,"2026-03-23 12:56:30"
HWTC22F2BF9B,gpon,HWTC22F2BF9B,HG8010H,ealtamirano5,"Villa Dolores 2",1,11,6,"Zone 1",,,,,,Bridging,,,,,,,,,"Not supported by ONU-Type",Enabled,"2023-06-09 15:52:36",Online,"Very good",-23.98,-17.05,3318,695,140,,,translate,300Mbps,300Mbps,,,,"2026-04-05 23:44:54"
HWTC22F38F9B,gpon,HWTC22F38F9B,HG8010H,onmolina,"Villa Dolores 2",1,11,8,"Zone 1",,,,,,Bridging,,,,,,,,,"Not supported by ONU-Type",Enabled,"2023-06-12 11:14:01",Online,"Very good",-22.6,-13.27,2865,696,140,,,translate,300Mbps,300Mbps,,,,"2026-04-02 21:32:08"
HWTC231A3F9B,gpon,HWTC231A3F9B,HG8010H,btirado,"Villa Dolores 2",1,11,10,"Zone 1",,46.5386,24.5514,,,Bridging,,,,,,,,,"Not supported by ONU-Type",Enabled,"2023-06-15 11:00:06",Online,"Very good",-23.1,-20.36,2544,699,140,,,translate,300Mbps,300Mbps,,,,"2026-03-14 23:47:16"
HWTC231A1F9B,gpon,HWTC231A1F9B,HG8010H,cparedes,"Villa Dolores 2",1,11,13,"Zone 1",,,,,,Bridging,,,,,,,,,"Not supported by ONU-Type",Enabled,"2023-06-16 17:24:24",Online,"Very good",-23.19,-20.45,2622,702,140,,,translate,300Mbps,300Mbps,,,,"2026-03-18 10:41:02"
HWTC23423F9B,gpon,HWTC23423F9B,HG8010H,nadvquiroga,"Villa Dolores 2",1,11,19,"Zone 1",,,,,,Bridging,,,,,,,,,"Not supported by ONU-Type",Enabled,"2023-06-23 10:47:07",Online,"Very good",-25.23,-22.14,3339,821,140,,,translate,300Mbps,300Mbps,,,,"2026-04-16 09:35:57"
HWTC22CE4F9B,gpon,HWTC22CE4F9B,EG8141A5,malbornoz2,"Villa Dolores 2",1,11,20,Zone,,,,,,Bridging,,,,,,,,,Enabled,Enabled,"2023-07-07 17:28:49",Online,"Very good",-24.32,-22.44,2775,396,140,,,translate,300Mbps,300Mbps,,,,"2026-04-16 07:50:55"
HWTC230B5F9B,gpon,HWTC230B5F9B,EG8141A5,cfigueroa,"Villa Dolores 2",1,11,21,Zone,,,,,,Bridging,,,,,,,,,Enabled,Enabled,"2023-07-04 11:06:46",Online,"Very good",-22.15,-20.17,2511,703,140,,,translate,300Mbps,300Mbps,,,,"2026-03-05 08:11:21"
HWTC0A696E8F,gpon,HWTC0A696E8F,HG8240H,mquevedo5,"Villa Dolores 2",1,11,39,Zone,,,,,,Bridging,,,,,,,,,"Not supported by ONU-Type",Enabled,"2024-11-08 17:19:31",Online,"Very good",-25.23,-23.46,3967,708,140,,,translate,300Mbps,300Mbps,,,,"2026-03-05 08:11:21"
TPLGB5E000F3,gpon,TPLGB5E000F3,TX-6610,mamonges,"Villa Dolores 2",1,11,42,Zone,,,,,,Bridging,,,,,,,,,Enabled,Enabled,"2024-11-20 10:46:37",Online,"Very good",-22.76,-20.5,2652,2449,120,,,translate,300Mbps,300Mbps,,,,"2026-03-21 16:22:48"
HWTC74601E67,gpon,HWTC74601E67,HG8240H,mreynoso3,"Villa Dolores 2",1,12,0,"Zone 1",,,,,,Bridging,,,,,,,,,"Not supported by ONU-Type",Enabled,"2023-05-30 09:05:07",Online,"Very good",-25.86,-25.68,3819,709,140,,,translate,300Mbps,300Mbps,,,,"2026-04-13 19:03:02"
HWTC9AEC9340,gpon,HWTC9AEC9340,HG8240H,soviedo,"Villa Dolores 2",1,12,2,"Zone 1",,,,,,Bridging,,,,,,,,,"Not supported by ONU-Type",Enabled,"2023-05-30 15:52:47",Online,"Very good",-24.09,-20.75,2885,710,140,,,translate,300Mbps,300Mbps,,,,"2026-03-05 08:11:21"
HWTC6552CD81,gpon,HWTC6552CD81,HG8240H,amereles,"Villa Dolores 2",1,12,4,"Zone 1",,,,,,Bridging,,,,,,,,,"Not supported by ONU-Type",Enabled,"2023-05-31 09:15:33",Online,"Very good",-25.53,-24.31,3656,711,140,,,translate,300Mbps,300Mbps,,,,"2026-03-05 08:11:21"
HWTCACA54E45,gpon,HWTCACA54E45,HG8240H,paguzman,"Villa Dolores 2",1,12,5,"Zone 1",,,,,,Bridging,,,,,,,,,"Not supported by ONU-Type",Enabled,"2023-05-31 11:40:05",Online,Critical,-33.98,-28.24,3435,712,140,,,translate,300Mbps,300Mbps,,,,"2026-03-17 11:21:36"
HWTC3A210A5F,gpon,HWTC3A210A5F,HG8240H,sperez3,"Villa Dolores 2",1,12,6,"Zone 1",,,,,,Bridging,,,,,,,,,"Not supported by ONU-Type",Enabled,"2023-05-31 10:32:24",Online,"Very good",-26.58,-23.28,2908,713,140,,,translate,300Mbps,300Mbps,,,,"2026-03-05 08:11:21"
HWTC749B253D,gpon,HWTC749B253D,HG8240H,seguzman,"Villa Dolores 2",1,12,8,"Zone 1",,,,,,Bridging,,,,,,,,,"Not supported by ONU-Type",Enabled,"2023-05-31 16:26:43",Online,"Very good",-23.77,-20.7,3297,715,140,,,translate,300Mbps,300Mbps,,,,"2026-04-04 05:57:49"
HWTC7C03DE45,gpon,HWTC7C03DE45,HG8240H,mabustos,"Villa Dolores 2",1,12,9,"Zone 1",,,,,,Bridging,,,,,,,,,"Not supported by ONU-Type",Enabled,"2023-06-01 09:11:12",Online,"Very good",-23.19,-19.79,3423,716,140,,,translate,300Mbps,300Mbps,,,,"2026-03-17 16:46:49"
HWTC23037F9B,gpon,HWTC23037F9B,HG8010H,fgalindo,"Villa Dolores 2",1,12,10,"Zone 1",,,,,,Bridging,,,,,,,,,"Not supported by ONU-Type",Enabled,"2023-06-08 09:10:08",Online,"Very good",-24.21,-15.06,3910,717,140,,,translate,300Mbps,300Mbps,,,,"2026-04-06 20:52:44"
HWTC23064F9B,gpon,HWTC23064F9B,IC425ETB,nrescudero,"Villa Dolores 2",1,12,11,Zone,,,,,,Bridging,,,,,,,,,Enabled,Enabled,"2026-02-16 20:01:49",Online,"Very good",-27.7,-24.2,3299,718,140,,,translate,1G,1G,,,,"2026-04-15 18:26:22"
HWTC3EF5BB85,gpon,HWTC3EF5BB85,HG8240H,gvpereyra,"Villa Dolores 2",1,12,12,"Zone 1",,,,,,Bridging,,,,,,,,,"Not supported by ONU-Type",Enabled,"2023-06-01 11:44:58",Online,"Very good",-23.19,-19.87,3011,365,140,,,translate,300Mbps,300Mbps,,,,"2026-04-14 19:37:11"
HWTCD6C8D347,gpon,HWTCD6C8D347,HG8240H,mortiz5,"Villa Dolores 2",1,12,13,"Zone 1",,,,,,Bridging,,,,,,,,,"Not supported by ONU-Type",Enabled,"2023-06-01 15:58:01",Online,"Very good",-27.96,-23.18,3076,556,140,,,translate,300Mbps,300Mbps,,,,"2026-03-14 08:46:34"
HWTC5DDE3092,gpon,HWTC5DDE3092,HG8240H,nebelbruno,"Villa Dolores 2",1,13,0,"Zone 1",,,,,,Bridging,,,,,,,,,"Not supported by ONU-Type",Enabled,"2023-05-22 10:04:25",Online,"Very good",-21.08,-20.75,4652,520,140,,,translate,300Mbps,300Mbps,,,,"2026-03-25 11:29:33"
HWTC05174E9A,gpon,HWTC05174E9A,HG8240H,mdcmurua,"Villa Dolores 2",1,13,1,"Zone 1",,,,,,Bridging,,,,,,,,,"Not supported by ONU-Type",Enabled,"2023-05-22 11:15:42",Online,"Very good",-27.7,-29.21,4316,729,140,,,translate,300Mbps,300Mbps,,,,"2026-03-19 12:39:30"
HWTC394F613F,gpon,HWTC394F613F,HG8240H,mcsoria,"Villa Dolores 2",1,13,2,"Zone 1",,,,,,Bridging,,,,,,,,,"Not supported by ONU-Type",Enabled,"2023-05-24 15:13:58",Online,"Very good",-22.15,-20.91,3741,730,140,,,translate,300Mbps,300Mbps,,,,"2026-03-31 20:28:25"
HWTC09DB709B,gpon,HWTC09DB709B,HG8240H,bromero7,"Villa Dolores 2",1,13,4,"Zone 1",,,,,,Bridging,,,,,,,,,"Not supported by ONU-Type",Enabled,"2023-05-29 09:15:42",Online,"Very good",-26.03,-23.66,4067,560,140,,,translate,300Mbps,300Mbps,,,,"2026-04-11 15:15:56"
HWTC7C611A45,gpon,HWTC7C611A45,HG8240H,cporras,"Villa Dolores 2",1,13,5,"Zone 1",,,,,,Bridging,,,,,,,,,"Not supported by ONU-Type",Enabled,"2023-05-29 10:19:28",Online,"Very good",-23.38,-20.5,3825,683,140,,,translate,300Mbps,300Mbps,,,,"2026-04-12 20:46:12"
HWTCE64B7B6D,gpon,HWTCE64B7B6D,HG8240H,cbustos2,"Villa Dolores 2",1,13,6,"Zone 1",,,,,,Bridging,,,,,,,,,"Not supported by ONU-Type",Enabled,"2023-05-29 11:09:41",Online,"Very good",-21.49,-20.36,4546,123,140,,,translate,300Mbps,300Mbps,,,,"2026-04-15 13:08:28"
HWTC21B2657D,gpon,HWTC21B2657D,HG8240H,emaltamirano,"Villa Dolores 2",1,13,8,"Zone 1",,,,,,Bridging,,,,,,,,,"Not supported by ONU-Type",Enabled,"2023-05-29 17:33:36",Online,"Very good",-22.3,-20.86,4234,733,140,,,translate,300Mbps,300Mbps,,,,"2026-04-16 12:39:40"
HWTC06246C89,gpon,HWTC06246C89,HG8240H,bcufre,"Villa Dolores 2",1,13,10,"Zone 1",,,,,,Bridging,,,,,,,,,"Not supported by ONU-Type",Enabled,"2023-05-29 18:30:08",Online,"Very good",-26.78,-26.19,4422,734,140,,,translate,300Mbps,300Mbps,,,,"2026-04-11 15:15:56"
HWTC2545239A,gpon,HWTC2545239A,HG8240H,frodriguez2,"Villa Dolores 2",1,13,11,"Zone 1",,,,,,Bridging,,,,,,,,,"Not supported by ONU-Type",Enabled,"2023-05-30 09:52:13",Online,"Very good",-23.1,-20.75,4194,735,140,,,translate,300Mbps,300Mbps,,,,"2026-04-11 15:15:56"
HWTC1552F944,gpon,HWTC1552F944,HG8240H,emmercado,"Villa Dolores 2",1,13,12,"Zone 1",,,,,,Bridging,,,,,,,,,"Not supported by ONU-Type",Enabled,"2023-05-30 10:27:18",Online,"Very good",-22.37,-21.13,4866,737,140,,,translate,300Mbps,300Mbps,,,,"2026-04-12 10:13:57"
HWTC2EF0865F,gpon,HWTC2EF0865F,HG8240H,myzarate,"Villa Dolores 2",1,13,14,"Zone 1",,,,,,Bridging,,,,,,,,,"Not supported by ONU-Type",Enabled,"2023-05-30 12:00:39",Online,"Very good",-21.2,-20.22,5101,739,140,,,translate,300Mbps,300Mbps,,,,"2026-03-17 14:14:25"
HWTC15A51E69,gpon,HWTC15A51E69,HG8240H,lquaranta,"Villa Dolores 2",1,13,15,"Zone 1",,,,,,Bridging,,,,,,,,,"Not supported by ONU-Type",Enabled,"2023-05-31 17:45:40",Online,"Very good",-23.28,-23.87,5096,740,140,,,translate,300Mbps,300Mbps,,,,"2026-03-05 08:11:21"
HWTC1B6A0139,gpon,HWTC1B6A0139,HG8240H,cpnieto,"Villa Dolores 2",1,13,17,"Zone 1",,,,,,Bridging,,,,,,,,,"Not supported by ONU-Type",Enabled,"2023-05-30 17:08:33",Online,"Very good",-25.09,-23.37,4711,741,140,,,translate,300Mbps,300Mbps,,,,"2026-04-11 15:15:56"
HWTC034C8C9B,gpon,HWTC034C8C9B,HG8240H,daescudero,"Villa Dolores 2",1,13,18,"Zone 1",,,,,,Bridging,,,,,,,,,"Not supported by ONU-Type",Enabled,"2023-06-01 10:01:59",Online,"Very good",-22.84,-23.76,4103,742,140,,,translate,300Mbps,300Mbps,,,,"2026-03-31 21:37:41"
HWTC125DEA96,gpon,HWTC125DEA96,HG8240H,jamgrajales,"Villa Dolores 2",1,13,20,"Zone 1",,,,,,Bridging,,,,,,,,,"Not supported by ONU-Type",Enabled,"2023-06-01 10:49:33",Online,"Very good",-24.69,-23.56,3962,744,140,,,translate,300Mbps,300Mbps,,,,"2026-04-14 19:16:39"
HWTC2C050E91,gpon,HWTC2C050E91,HG8240H,eponce,"Villa Dolores 2",1,13,21,"Zone 1",,,,,,Bridging,,,,,,,,,"Not supported by ONU-Type",Enabled,"2023-06-01 11:19:00",Online,"Very good",-22.93,-23.1,3918,745,140,,,translate,300Mbps,300Mbps,,,,"2026-03-30 19:39:38"
HWTC2EE22C90,gpon,HWTC2EE22C90,HG8240H,plporras,"Villa Dolores 2",1,13,23,"Zone 1",,,,,,Bridging,,,,,,,,,"Not supported by ONU-Type",Enabled,"2023-06-01 11:59:32",Online,"Very good",-22.6,-20.97,3812,746,140,,,translate,300Mbps,300Mbps,,,,"2026-03-18 15:52:19"
HWTC03492D9B,gpon,HWTC03492D9B,HG8240H,mdescudero,"Villa Dolores 2",1,13,24,"Zone 1",,,,,,Bridging,,,,,,,,,"Not supported by ONU-Type",Enabled,"2023-06-01 15:45:11",Online,"Very good",-23.1,-20.75,4361,292,140,,,translate,300Mbps,300Mbps,,,,"2026-03-05 08:11:21"
HWTCD98B5E41,gpon,HWTCD98B5E41,HG8240H,eclavero,"Villa Dolores 2",1,13,25,"Zone 1",,,,,,Bridging,,,,,,,,,"Not supported by ONU-Type",Enabled,"2023-06-01 16:23:32",Online,"Very good",-27.7,-26.99,4442,747,140,,,translate,300Mbps,300Mbps,,,,"2026-03-05 08:11:21"
TPLG8BDDE5C3,gpon,TPLG8BDDE5C3,EG8141A5,jmbringas,"Villa Dolores 2",1,13,26,Zone,,,,,,Bridging,,,,,,,,,Enabled,Enabled,"2024-05-25 11:58:23",Online,"Very good",-21.81,-19.83,4282,3021,120,,,translate,300Mbps,300Mbps,,,,"2026-03-05 08:11:21"
HWTC2A89684E,gpon,HWTC2A89684E,HG8240H,rbarzola,"Villa Dolores 2",1,13,27,"Zone 1",,,,,,Bridging,,,,,,,,,"Not supported by ONU-Type",Enabled,"2023-06-02 08:56:41",Online,"Very good",-23.19,-20.65,4246,748,140,,,translate,300Mbps,300Mbps,,,,"2026-04-04 08:57:52"
HWTCE5DD056D,gpon,HWTCE5DD056D,HG8240H,carguello3,"Villa Dolores 2",1,13,28,"Zone 1",,,,,,Bridging,,,,,,,,,"Not supported by ONU-Type",Enabled,"2023-06-01 17:52:11",Online,"Very good",-24.95,-24.56,4246,749,140,,,translate,300Mbps,300Mbps,,,,"2026-04-04 12:53:29"
HWTC06345989,gpon,HWTC06345989,HG8240H,yfarguello,"Villa Dolores 2",1,13,29,"Zone 1",,,,,,Bridging,,,,,,,,,"Not supported by ONU-Type",Enabled,"2023-06-02 09:02:15",Online,"Very good",-22.93,-24.31,4347,750,140,,,translate,300Mbps,300Mbps,,,,"2026-03-05 08:11:21"
HWTC7D69485D,gpon,HWTC7D69485D,HG8310M,jgpalacios,"Villa Dolores 2",1,13,31,Zone,,,,,,Bridging,,,,,,,,,"Not supported by ONU-Type",Enabled,"2025-06-03 15:51:26",Online,"Very good",-25.38,-22.84,4458,751,140,,,translate,300Mbps,300Mbps,,,,"2026-03-05 08:11:21"
HWTC2CED1691,gpon,HWTC2CED1691,HG8240H,pamorales,"Villa Dolores 2",1,13,32,"Zone 1",,,,,,Bridging,,,,,,,,,"Not supported by ONU-Type",Enabled,"2023-06-02 10:29:34",Online,"Very good",-29.59,-28.24,4438,752,140,,,translate,300Mbps,300Mbps,,,,"2026-04-15 12:05:34"
HWTCD11DDF68,gpon,HWTCD11DDF68,HG8240H,aaescudero,"Villa Dolores 2",1,13,33,"Zone 1",,,,,,Bridging,,,,,,,,,"Not supported by ONU-Type",Enabled,"2023-06-02 10:30:17",Online,"Very good",-25.53,-24.43,4480,754,140,,,translate,300Mbps,300Mbps,,,,"2026-03-05 08:11:21"
HWTC3954B03F,gpon,HWTC3954B03F,HG8240H,lrpalacio,"Villa Dolores 2",1,13,34,"Zone 1",,,,,,Bridging,,,,,,,,,"Not supported by ONU-Type",Enabled,"2023-06-02 11:36:58",Online,"Very good",-21.43,-19.66,4995,755,140,,,translate,300Mbps,300Mbps,,,,"2026-03-05 08:11:21"
TPLG8BDDE817,gpon,TPLG8BDDE817,TX-6610,mmolina,"Villa Dolores 2",1,13,35,Zone,,,,,,Bridging,,,,,,,,,Enabled,Enabled,"2025-01-10 09:06:59",Online,"Very good",-25.09,-23.66,4579,5448,120,,,translate,300Mbps,300Mbps,,,,"2026-04-04 12:05:45"
HWTC23036F9B,gpon,HWTC23036F9B,HG8010H,raltamirano5,"Villa Dolores 2",1,13,42,"Zone 1",,,,,,Bridging,,,,,,,,,"Not supported by ONU-Type",Enabled,"2023-06-08 10:42:10",Online,"Very good",-25.09,-22.52,4435,761,140,,,translate,300Mbps,300Mbps,,,,"2026-04-01 10:33:12"
HWTC22F36F9B,gpon,HWTC22F36F9B,HG8010H,rromero2,"Villa Dolores 2",1,13,44,"Zone 1",,,,,,Bridging,,,,,,,,,"Not supported by ONU-Type",Enabled,"2023-06-08 15:54:42",Online,"Very good",-24.82,-22.59,4673,763,140,,,translate,300Mbps,300Mbps,,,,"2026-03-05 08:11:21"
HWTC2304AF9B,gpon,HWTC2304AF9B,HG8010H,dadepierre,"Villa Dolores 2",1,13,46,"Zone 1",,,,,,Bridging,,,,,,,,,"Not supported by ONU-Type",Enabled,"2023-06-09 12:05:53",Online,"Very good",-23.57,-21.36,4373,764,140,,,translate,300Mbps,300Mbps,,,,"2026-04-08 23:02:06"
HWTC23044F9B,gpon,HWTC23044F9B,HG8010H,mjceballos,"Villa Dolores 2",1,13,47,"Zone 1",,,,,,Bridging,,,,,,,,,"Not supported by ONU-Type",Enabled,"2023-06-09 17:01:13",Online,"Very good",-25.86,-19.83,4357,765,140,,,translate,300Mbps,300Mbps,,,,"2026-03-30 22:53:14"
HWTC22F3EF9B,gpon,HWTC22F3EF9B,HG8010H,jcheredia,"Villa Dolores 2",1,13,48,"Zone 1",,,,,,Bridging,,,,,,,,,"Not supported by ONU-Type",Enabled,"2023-06-10 10:52:46",Online,"Very good",-22.15,-19.91,5559,766,140,,,translate,300Mbps,300Mbps,,,,"2026-04-04 21:47:55"
HWTC23030F9B,gpon,HWTC23030F9B,HG8010H,fleota,"Villa Dolores 2",1,13,49,"Zone 1",,,,,,Bridging,,,,,,,,,"Not supported by ONU-Type",Enabled,"2023-06-13 09:32:34",Online,"Very good",-22.93,-20.81,4702,1665,120,,,,300Mbps,300Mbps,,,,"2026-03-05 15:07:15"
HWTC22DF1F9B,gpon,HWTC22DF1F9B,HG8010H,oaguilera,"Villa Dolores 2",1,13,53,"Zone 1",,,,,,Bridging,,,,,,,,,"Not supported by ONU-Type",Enabled,"2023-06-29 16:00:41",Online,"Very good",-22.76,-20.81,4290,768,140,,,translate,300Mbps,300Mbps,,,,"2026-04-12 19:50:35"
HWTC3924CB88,gpon,HWTC3924CB88,HG8240H,baromero,"Villa Dolores 2",1,13,55,Zone,,,,,,Bridging,,,,,,,,,"Not supported by ONU-Type",Enabled,"2024-01-11 18:09:12",Online,"Very good",-23.1,-21.67,4321,770,140,,,translate,300Mbps,300Mbps,,,,"2026-03-28 10:29:12"
HWTC22F37F9B,gpon,HWTC22F37F9B,HG8010H,mstancich,"Villa Dolores 2",1,14,1,"Zone 1",,,,,,Bridging,,,,,,,,,"Not supported by ONU-Type",Enabled,"2023-06-13 12:29:30",Online,"Very good",-23.67,-19.17,4806,782,140,,,translate,300Mbps,300Mbps,,,,"2026-03-11 13:14:37"
HWTC232B3F9B,gpon,HWTC232B3F9B,HG8010H,vgarcia1,"Villa Dolores 2",1,14,2,"Zone 1",,,,,,Bridging,,,,,,,,,"Not supported by ONU-Type",Enabled,"2023-06-15 10:00:36",Online,"Very good",-24.82,-20.7,4914,783,140,,,translate,300Mbps,300Mbps,,,,"2026-03-20 23:52:45"
HWTC232B2F9B,gpon,HWTC232B2F9B,HG8010H,aromero,"Villa Dolores 2",1,14,4,"Zone 1",,,,,,Bridging,,,,,,,,,"Not supported by ONU-Type",Enabled,"2023-06-15 18:36:21",Online,"Very good",-22.93,-17.1,4233,787,140,,,translate,300Mbps,300Mbps,,,,"2026-04-07 08:55:02"
HWTC23217F9B,gpon,HWTC23217F9B,HG8010H,mcrosales,"Villa Dolores 2",1,14,5,"Zone 1",,,,,,Bridging,,,,,,,,,"Not supported by ONU-Type",Enabled,"2023-06-16 09:05:29",Online,"Very good",-22.93,-19.95,4355,788,140,,,translate,300Mbps,300Mbps,,,,"2026-04-04 08:30:08"
HWTC22C6EF9B,gpon,HWTC22C6EF9B,EG8141A5,mcvillarreal,"Villa Dolores 2",1,14,10,"Zone 1",,,,,,Bridging,,,,,,,,,Enabled,Enabled,"2023-07-03 11:59:32",Online,"Very good",-23.19,-16.3,4114,791,140,,,translate,300Mbps,300Mbps,,,,"2026-03-05 08:11:21"
HWTC234F2F9B,gpon,HWTC234F2F9B,EG8141A5,bcalderon,"Villa Dolores 2",1,14,12,Zone,,,,,,Bridging,,,,,,,,,Enabled,Enabled,"2023-07-05 18:35:24",Online,"Very good",-22.6,-19.35,4006,792,140,,,translate,300Mbps,300Mbps,,,,"2026-03-05 19:31:27"
HWTC236E4F9B,gpon,HWTC236E4F9B,EG8141A5,ydgbritos,"Villa Dolores 2",1,14,13,Zone,,,,,,Bridging,,,,,,,,,Enabled,Enabled,"2023-07-06 16:09:42",Online,"Very good",-24.95,-22.22,4811,793,140,,,translate,300Mbps,300Mbps,,,,"2026-03-05 08:11:21"
HWTC22E83F9B,gpon,HWTC22E83F9B,EG8141A5,mcrodriguez,"Villa Dolores 2",1,14,15,Zone,,,,,,Bridging,,,,,,,,,Enabled,Enabled,"2023-07-19 11:43:46",Online,"Very good",-24.82,-22,4828,3256,120,,,translate,300Mbps,300Mbps,,,,"2026-04-07 16:57:58"
TPLG8BDDDEB2,gpon,TPLG8BDDDEB2,TX-6610,ijbazan,"Villa Dolores 2",1,14,30,Zone,,,,,,Bridging,,,,,,,,,Enabled,Enabled,"2025-01-16 11:51:12",Online,"Very good",-23.38,-20.41,4247,817,120,,,translate,300Mbps,300Mbps,,,,"2026-03-05 08:11:21"
HWTC22F98F9B,gpon,HWTC22F98F9B,HG8010H,mvillalobos1,"Villa Dolores 2",1,15,1,"Zone 1",,,,,,Bridging,,,,,,,,,"Not supported by ONU-Type",Enabled,"2023-06-10 12:08:51",Online,"Very good",-23.98,-22.92,2874,796,140,,,translate,300Mbps,300Mbps,,,,"2026-04-12 15:19:36"
HWTC22F24F9B,gpon,HWTC22F24F9B,HG8010H,agallardo2,"Villa Dolores 2",1,15,3,"Zone 1",,,,,,Bridging,,,,,,,,,"Not supported by ONU-Type",Enabled,"2023-06-12 13:39:25",Online,"Very good",-24.56,-26.77,2736,797,140,,,translate,300Mbps,300Mbps,,,,"2026-04-11 17:13:18"
HWTC22F22F9B,gpon,HWTC22F22F9B,HG8010H,jdruarte,"Villa Dolores 2",1,15,4,"Zone 1",,,,,,Bridging,,,,,,,,,"Not supported by ONU-Type",Enabled,"2023-06-12 14:27:53",Online,"Very good",-22.84,-21.74,2986,798,140,,,translate,300Mbps,300Mbps,,,,"2026-04-11 17:13:18"
HWTC2304BF9B,gpon,HWTC2304BF9B,HG8010H,gaguilera3,"Villa Dolores 2",1,15,5,"Zone 1",,,,,,Bridging,,,,,,,,,"Not supported by ONU-Type",Enabled,"2023-06-12 16:34:00",Online,"Very good",-27.22,-26.77,3557,799,140,,,translate,300Mbps,300Mbps,,,,"2026-04-11 17:13:18"
HWTC22F2AF9B,gpon,HWTC22F2AF9B,HG8010H,calaniz3,"Villa Dolores 2",1,15,6,"Zone 1",,,,,,Bridging,,,,,,,,,"Not supported by ONU-Type",Enabled,"2023-06-12 17:26:25",Online,"Very good",-23.28,-22.14,3186,800,140,,,translate,300Mbps,300Mbps,,,,"2026-04-16 00:19:06"
HWTC23048F9B,gpon,HWTC23048F9B,HG8010H,cfsanchez,"Villa Dolores 2",1,15,7,"Zone 1",,,,,,Bridging,,,,,,,,,"Not supported by ONU-Type",Enabled,"2023-06-12 18:19:40",Online,"Very good",-26.78,-25.53,3458,801,140,,,translate,300Mbps,300Mbps,,,,"2026-04-11 17:13:18"
HWTC22FC7F9B,gpon,HWTC22FC7F9B,HG8010H,rsosa,"Villa Dolores 2",1,15,9,"Zone 1",,,,,,Bridging,,,,,,,,,"Not supported by ONU-Type",Enabled,"2023-06-13 18:03:07",Online,"Very good",-24.21,-23.37,4137,802,140,,,translate,300Mbps,300Mbps,,,,"2026-04-12 11:37:49"
HWTC231B4F9B,gpon,HWTC231B4F9B,HG8010H,sledesno,"Villa Dolores 2",1,15,10,"Zone 1",,,,,,Bridging,,,,,,,,,"Not supported by ONU-Type",Enabled,"2023-06-14 09:07:44",Online,"Very good",-26.78,-26.77,3586,803,140,,,translate,300Mbps,300Mbps,,,,"2026-04-11 17:13:18"
HWTC231B5F9B,gpon,HWTC231B5F9B,HG8010H,fadiaz,"Villa Dolores 2",1,15,11,"Zone 1",,,,,,Bridging,,,,,,,,,"Not supported by ONU-Type",Enabled,"2023-06-14 10:06:30",Online,"Very good",-20.23,-18.86,4465,804,140,,,translate,300Mbps,300Mbps,,,,"2026-04-11 17:13:18"
HWTC231CBF9B,gpon,HWTC231CBF9B,HG8010H,afernandez1,"Villa Dolores 2",1,15,14,"Zone 1",,,,,,Bridging,,,,,,,,,"Not supported by ONU-Type",Enabled,"2023-06-14 17:06:16",Online,"Very good",-26.39,-21.67,3698,805,140,,,translate,300Mbps,300Mbps,,,,"2026-04-11 17:13:18"
HWTC22F25F9B,gpon,HWTC22F25F9B,HG8010H,emarguello,"Villa Dolores 2",1,15,17,"Zone 1",,,,,,Bridging,,,,,,,,,"Not supported by ONU-Type",Enabled,"2023-06-16 11:44:52",Online,"Very good",-23.47,-21.8,2901,806,140,,,translate,300Mbps,300Mbps,,,,"2026-04-13 19:41:02"
HWTC2370DF9B,gpon,HWTC2370DF9B,HG8010H,klgallardo,"Villa Dolores 2",1,15,18,"Zone 1",,,,,,Bridging,,,,,,,,,"Not supported by ONU-Type",Enabled,"2023-06-21 10:07:10",Online,"Very good",-27.96,-25.53,3577,807,140,,,translate,300Mbps,300Mbps,,,,"2026-04-11 17:13:18"
HWTC2317BF9B,gpon,HWTC2317BF9B,HG8010H,cfdarregui,"Villa Dolores 2",1,15,20,"Zone 1",,,,,,Bridging,,,,,,,,,"Not supported by ONU-Type",Enabled,"2023-06-21 17:52:20",Online,"Very good",-24.44,-23.01,2585,810,140,,,translate,300Mbps,300Mbps,,,,"2026-04-11 15:15:56"
HWTC7D81235D,gpon,HWTC7D81235D,HG8310M,jmvaldez,"Villa Dolores 2",1,15,21,Zone,,,,,,Bridging,,,,,,,,,"Not supported by ONU-Type",Enabled,"2024-04-23 12:37:22",Online,"Very good",-22.68,-22.29,3001,811,140,,,translate,300Mbps,300Mbps,,,,"2026-04-11 17:13:18"
TPLGB5DFFEF1,gpon,TPLGB5DFFEF1,TX-6610,mavila3,"Villa Dolores 2",1,15,26,Zone,,,,,,Bridging,,,,,,,,,Enabled,Enabled,"2024-11-20 16:33:46",Online,"Very good",-23.88,-22.84,3522,3668,120,,,translate,300Mbps,300Mbps,,,,"2026-04-11 17:13:18"
TPLGE31A99FE,gpon,TPLGE31A99FE,TX-6610,fbsosa,"Villa Dolores 2",1,15,29,Zone,,,,,,Bridging,,,,,,,,,Enabled,Enabled,"2025-02-11 09:18:43",Online,"Very good",-26.78,-26.19,4083,5809,120,,,translate,300Mbps,300Mbps,,,,"2026-04-11 17:13:18"
HWTC22D8BF9B,gpon,HWTC22D8BF9B,IC425ETB,msosa1,"Villa Dolores 2",1,15,33,Zone,,,,,,Bridging,,,,,,,,,Enabled,Enabled,"2024-04-24 12:27:31",Online,"Very good",-25.23,-23.46,4146,813,140,,,translate,300Mbps,300Mbps,,,,"2026-04-11 17:13:18"
HWTC23405F9B,gpon,HWTC23405F9B,HG8010H,easosa,"Villa Dolores 2",2,0,2,"Zone 1",,,,,,Bridging,,,,,,,,,"Not supported by ONU-Type",Enabled,"2023-06-22 10:23:27",Online,"Very good",-24.69,-20.5,5771,1813,120,,,,300Mbps,300Mbps,,,,"2026-03-31 11:00:05"
TPLG8BDDE7F6,gpon,TPLG8BDDE7F6,TX-6610,jerodriguez,"Villa Dolores 2",2,0,3,Zone,,,,,,Bridging,,,,,,,,,Enabled,Enabled,"2024-12-17 10:48:50",Online,"Very good",-26.78,-23.76,4857,4412,120,,,translate,300Mbps,300Mbps,,,,"2026-04-14 20:12:47"
HWTC22F26F9B,gpon,HWTC22F26F9B,HG8010H,jcanle,"Villa Dolores 2",2,0,5,"Zone 1",,,,,,Bridging,,,,,,,,,"Not supported by ONU-Type",Enabled,"2023-06-26 10:47:49",Online,"Very good",-24.82,-21.36,5061,1878,120,,,,300Mbps,300Mbps,,,,"2026-02-05 07:25:49"
HWTC22DC8F9B,gpon,HWTC22DC8F9B,HG8010H,pjmilitello,"Villa Dolores 2",2,0,6,"Zone 1",,,,,,Bridging,,,,,,,,,"Not supported by ONU-Type",Enabled,"2023-06-28 16:24:04",Online,"Very good",-24.95,-21.8,5643,1900,120,,,,300Mbps,300Mbps,,,,"2026-04-10 14:34:12"
HWTC23408F9B,gpon,HWTC23408F9B,HG8010H,prodriguez2,"Villa Dolores 2",2,0,8,"Zone 1",,,,,,Bridging,,,,,,,,,"Not supported by ONU-Type",Enabled,"2023-06-28 17:24:41",Online,"Very good",-26.99,-20.7,5800,1908,120,,,,300Mbps,300Mbps,,,,"2026-04-05 03:26:03"
HWTC231DDF9B,gpon,HWTC231DDF9B,HG8010H,jmartinez1,"Villa Dolores 2",2,0,9,"Zone 1",,,,,,Bridging,,,,,,,,,"Not supported by ONU-Type",Enabled,"2023-06-28 18:16:42",Online,"Very good",-24.95,-20.7,5604,1911,120,,,,300Mbps,300Mbps,,,,"2026-02-22 00:48:40"
HWTC22DF0F9B,gpon,HWTC22DF0F9B,HG8010H,dallende3,"Villa Dolores 2",2,0,10,"Zone 1",,,,,,Bridging,,,,,,,,,"Not supported by ONU-Type",Enabled,"2023-06-29 09:08:13",Online,"Very good",-24.09,-20.91,6004,1921,120,,,,300Mbps,300Mbps,,,,"2026-02-19 11:21:59"
HWTC22C6BF9B,gpon,HWTC22C6BF9B,HG8010H,emromero,"Villa Dolores 2",2,0,12,"Zone 1",,,,,,Bridging,,,,,,,,,"Not supported by ONU-Type",Enabled,"2023-06-29 11:08:22",Online,"Very good",-26.39,-21.08,6112,1930,120,,,,300Mbps,300Mbps,,,,"2026-04-16 13:36:09"
HWTC22DEFF9B,gpon,HWTC22DEFF9B,HG8010H,cechavero,"Villa Dolores 2",2,0,15,"Zone 1",,,,,,Bridging,,,,,,,,,"Not supported by ONU-Type",Enabled,"2023-06-29 17:31:33",Online,"Very good",-24.69,-21.3,6004,1948,120,,,,300Mbps,300Mbps,,,,"2026-04-11 09:49:13"
HWTC22DEDF9B,gpon,HWTC22DEDF9B,HG8010H,lmartinez4,"Villa Dolores 2",2,0,16,"Zone 1",,,,,,Bridging,,,,,,,,,"Not supported by ONU-Type",Enabled,"2023-06-29 18:06:19",Online,"Very good",-28.24,-22.14,5609,1953,120,,,,300Mbps,300Mbps,,,,"2026-03-20 00:33:24"
HWTC23429F9B,gpon,HWTC23429F9B,HG8010H,jvillagra,"Villa Dolores 2",2,0,17,"Zone 1",,,,,,Bridging,,,,,,,,,"Not supported by ONU-Type",Enabled,"2023-06-29 18:34:18",Online,"Very good",-24.82,-21.36,5860,1958,120,,,translate,1G,1G,,,,"2026-04-11 17:27:12"
HWTC22DC5F9B,gpon,HWTC22DC5F9B,HG8010H,rlrodriguez,"Villa Dolores 2",2,0,19,"Zone 1",,,,,,Bridging,,,,,,,,,"Not supported by ONU-Type",Enabled,"2023-06-30 12:07:53",Online,"Very good",-25.86,-23.98,6022,1967,120,,,,300Mbps,300Mbps,,,,"2026-04-14 22:19:48"
HWTC234B5F9B,gpon,HWTC234B5F9B,EG8141A5,favila1,"Villa Dolores 2",2,0,20,"Zone 1",,,,,,Bridging,,,,,,,,,Enabled,Enabled,"2023-07-03 09:31:56",Online,"Very good",-26.99,-22.84,5628,3212,120,,,translate,300Mbps,300Mbps,,,,"2026-04-15 16:25:56"
HWTC23819F9B,gpon,HWTC23819F9B,EG8141A5,lallende1,"Villa Dolores 2",2,0,21,"Zone 1",,,,,,Bridging,,,,,,,,,Enabled,Enabled,"2023-07-03 09:48:45",Online,"Very good",-28.54,-22.92,5939,3080,120,,,translate,300Mbps,300Mbps,,,,"2026-04-02 10:06:17"
HWTC2362AF9B,gpon,HWTC2362AF9B,EG8141A5,cmtoso,"Villa Dolores 2",2,0,22,"Zone 1",,,,,,Bridging,,,,,,,,,Enabled,Enabled,"2023-07-03 10:42:54",Online,"Very good",-26.58,-21.02,5276,4119,120,,,translate,300Mbps,300Mbps,,,,"2026-03-05 08:11:21"
HWTC234B3F9B,gpon,HWTC234B3F9B,EG8141A5,geromero,"Villa Dolores 2",2,0,23,"Zone 1",,,,,,Bridging,,,,,,,,,Enabled,Enabled,"2023-07-03 10:51:48",Online,"Very good",-24.69,-20.27,6275,2569,120,,,translate,300Mbps,300Mbps,,,,"2026-03-05 08:11:21"
HWTC236E3F9B,gpon,HWTC236E3F9B,EG8141A5,nmercado,"Villa Dolores 2",2,0,28,Zone,,,,,,Bridging,,,,,,,,,Enabled,Enabled,"2023-07-06 09:22:24",Online,"Very good",-24.69,-19.79,5830,4000,120,,,translate,300Mbps,300Mbps,,,,"2026-04-14 15:38:13"
HWTC236E2F9B,gpon,HWTC236E2F9B,EG8141A5,erodriguez2,"Villa Dolores 2",2,0,29,Zone,,,,,,Bridging,,,,,,,,,Enabled,Enabled,"2023-07-06 11:34:45",Online,"Very good",-23.47,-19.46,4688,2626,120,,,translate,300Mbps,300Mbps,,,,"2026-04-14 10:09:25"
HWTC22DB7F9B,gpon,HWTC22DB7F9B,EG8141A5,gestrada2,"Villa Dolores 2",2,0,32,Zone,,,,,,Bridging,,,,,,,,,Enabled,Enabled,"2023-07-17 09:17:02",Online,"Very good",-23.88,-19.95,5073,3428,120,,,translate,300Mbps,300Mbps,,,,"2026-04-15 13:50:55"
HWTC7C6DE645,gpon,HWTC7C6DE645,HG8240H,lcromero,"Villa Dolores 2",2,0,40,Zone,,,,,,Bridging,,,,,,,,,"Not supported by ONU-Type",Enabled,"2023-12-22 20:18:35",Online,"Very good",-28.24,-29.58,6077,3858,120,,,translate,300Mbps,300Mbps,,,,"2026-03-05 08:11:21"
HWTC23041F9B,gpon,HWTC23041F9B,HG8010H,dmdespres,"Villa Dolores 2",2,0,41,"Zone 1",,,,,,Bridging,,,,,,,,,"Not supported by ONU-Type",Enabled,"2023-06-13 10:45:27",Online,Critical,-33.02,-29.21,5358,1668,120,,,,300Mbps,300Mbps,,,,"2026-03-23 14:13:17"
HWTC23161F9B,gpon,HWTC23161F9B,IC425ETB,mmattio1,"Villa Dolores 2",2,0,46,Zone,,,,,,Bridging,,,,,,,,,Enabled,Enabled,"2024-02-28 18:22:12",Online,"Very good",-24.21,-22.36,5377,3878,120,,,translate,300Mbps,300Mbps,,,,"2026-03-05 08:11:21"
HWTC23428F9B,gpon,HWTC23428F9B,EG8141A5,aromero5,"Villa Dolores 2",2,1,0,Zone,,,,,,Bridging,,,,,,,,,Enabled,Enabled,"2023-07-13 09:33:04",Online,"Very good",-24.44,-21.87,4215,2633,120,,,translate,300Mbps,300Mbps,,,,"2026-03-28 17:04:46"
HWTC22E93F9B,gpon,HWTC22E93F9B,IC425ETB,saromero,"Villa Dolores 2",2,1,2,Zone,,,,,,Bridging,,,,,,,,,Enabled,Enabled,"2024-05-02 10:29:11",Online,"Very good",-25.38,-22.44,4667,1753,120,,,translate,300Mbps,300Mbps,,,,"2026-04-06 18:48:08"
TPLG8BDDDC0E,gpon,TPLG8BDDDC0E,TX-6610,mquiroga1,"Villa Dolores 2",2,1,3,Zone,,,,,,Bridging,,,,,,,,,Enabled,Enabled,"2025-01-28 11:52:20",Online,Warning,-30.46,-25.37,4414,2073,120,,,translate,300Mbps,300Mbps,,,,"2026-03-12 09:47:38"
HWTC22DD9F9B,gpon,HWTC22DD9F9B,EG8141A5,marguello2,"Villa Dolores 2",2,1,5,Zone,,,,,,Bridging,,,,,,,,,Enabled,Enabled,"2023-07-13 17:24:53",Online,"Very good",-27.7,-25.53,4312,4549,120,,,translate,300Mbps,300Mbps,,,,"2026-04-14 19:02:26"
HWTC22CE3F9B,gpon,HWTC22CE3F9B,EG8141A5,onmanzur,"Villa Dolores 2",2,1,6,Zone,,,,,,Bridging,,,,,,,,,Enabled,Enabled,"2023-07-14 09:18:35",Online,Warning,-30,-25.53,3776,2544,120,,,translate,300Mbps,300Mbps,,,,"2026-03-12 09:47:38"
HWTC22DD5F9B,gpon,HWTC22DD5F9B,EG8141A5,lguzman2,"Villa Dolores 2",2,1,7,Zone,,,,,,Bridging,,,,,,,,,Enabled,Enabled,"2023-07-14 09:50:53",Online,"Very good",-24.44,-20.6,4301,5005,120,,,translate,1G,1G,,,,"2026-03-18 10:27:20"
HWTC22ED4F9B,gpon,HWTC22ED4F9B,EG8141A5,dprado,"Villa Dolores 2",2,1,10,Zone,,,,,,Bridging,,,,,,,,,Enabled,Enabled,"2023-07-17 11:37:05",Online,"Very good",-24.95,-16.71,4519,2398,120,,,translate,300Mbps,300Mbps,,,,"2026-04-04 06:53:16"
HWTC22E80F9B,gpon,HWTC22E80F9B,EG8141A5,jrquiroga,"Villa Dolores 2",2,1,11,Zone,,,,,,Bridging,,,,,,,,,Enabled,Enabled,"2023-07-17 15:47:08",Online,Warning,-30.46,-26.57,4331,3559,120,,,translate,300Mbps,300Mbps,,,,"2026-03-29 20:47:10"
TPLGE31A9A02,gpon,TPLGE31A9A02,TX-6610,caquiroga,"Villa Dolores 2",2,1,12,Zone,,,,,,Bridging,,,,,,,,,Enabled,Enabled,"2025-02-03 09:39:36",Online,"Very good",-24.56,-21.08,4797,2127,120,,,translate,300Mbps,300Mbps,,,,"2026-04-12 06:10:43"
HWTC22E85F9B,gpon,HWTC22E85F9B,EG8141A5,nquiroga,"Villa Dolores 2",2,1,13,Zone,,,,,,Bridging,,,,,,,,,Enabled,Enabled,"2023-07-18 13:54:17",Online,"Very good",-27.96,-20.41,4334,5189,120,,,translate,300Mbps,300Mbps,,,,"2026-03-29 19:30:38"
HWTC22E87F9B,gpon,HWTC22E87F9B,EG8141A5,bsuerez,"Villa Dolores 2",2,1,14,Zone,,,,,,Bridging,,,,,,,,,Enabled,Enabled,"2023-07-18 15:51:39",Online,"Very good",-26.2,-21.55,4337,3900,120,,,translate,300Mbps,300Mbps,,,,"2026-04-07 09:34:29"
HWTC22E90F9B,gpon,HWTC22E90F9B,EG8141A5,fponce,"Villa Dolores 2",2,1,16,Zone,,,,,,Bridging,,,,,,,,,Enabled,Enabled,"2023-07-19 14:14:54",Online,"Very good",-26.78,-23.87,4455,4932,120,,,translate,1G,1G,,,,"2026-03-12 09:47:38"
HWTC22EDAF9B,gpon,HWTC22EDAF9B,EG8141A5,cmtello,"Villa Dolores 2",2,1,17,Zone,,,,,,Bridging,,,,,,,,,Enabled,Enabled,"2023-07-19 15:06:30",Online,"Very good",-24.95,-20.6,4499,4823,120,,,translate,300Mbps,300Mbps,,,,"2026-03-12 09:47:38"
HWTC22EDBF9B,gpon,HWTC22EDBF9B,EG8141A5,mcufre,"Villa Dolores 2",2,1,18,Zone,,,,,,Bridging,,,,,,,,,Enabled,Enabled,"2023-07-19 15:08:04",Online,"Very good",-25.23,-20.55,4476,2800,120,,,translate,300Mbps,300Mbps,,,,"2026-04-07 12:13:23"
HWTC22EA3F9B,gpon,HWTC22EA3F9B,EG8141A5,vsosa,"Villa Dolores 2",2,1,23,Zone,,,,,,Bridging,,,,,,,,,Enabled,Enabled,"2023-07-20 17:56:17",Online,"Very good",-28.54,-24.31,4462,3121,120,,,translate,300Mbps,300Mbps,,,,"2026-03-12 09:47:38"
HWTC22E81F9B,gpon,HWTC22E81F9B,EG8141A5,larias,"Villa Dolores 2",2,1,24,Zone,,,,,,Bridging,,,,,,,,,Enabled,Enabled,"2023-07-20 18:14:28",Online,"Very good",-26.99,-22.84,4694,3078,120,,,translate,300Mbps,300Mbps,,,,"2026-03-12 09:47:38"
HWTC22F27F9B,gpon,HWTC22F27F9B,IC425ETB,rzubilewicz,"Villa Dolores 2",2,1,25,Zone,,,,,,Bridging,,,,,,,,,Enabled,Enabled,"2023-11-30 09:39:28",Online,"Very good",-25.69,-22.29,4558,4472,120,,,translate,300Mbps,300Mbps,,,,"2026-03-23 18:50:34"
HWTC22C6FF9B,gpon,HWTC22C6FF9B,IC425ETB,czabala,"Villa Dolores 2",2,1,27,Zone,,,,,,Bridging,,,,,,,,,Enabled,Enabled,"2023-07-25 18:54:32",Online,"Very good",-26.03,-23.76,4487,3560,120,,,translate,300Mbps,300Mbps-UP,,,,"2026-03-12 09:47:38"
HWTC22D8DF9B,gpon,HWTC22D8DF9B,IC425ETB,jprojas,"Villa Dolores 2",2,1,28,Zone,,,,,,Bridging,,,,,,,,,Enabled,Enabled,"2023-07-27 09:12:34",Online,"Very good",-26.99,-19.83,3889,3613,120,,,translate,300Mbps,300Mbps,,,,"2026-03-12 09:47:38"
HWTC22D8CF9B,gpon,HWTC22D8CF9B,IC425ETB,folmedo1,"Villa Dolores 2",2,1,29,Zone,,,,,,Bridging,,,,,,,,,Enabled,Enabled,"2023-07-27 10:08:55",Online,"Very good",-24.82,-21.36,4457,4494,120,,,translate,300Mbps,300Mbps,,,,"2026-03-12 09:47:38"
HWTC233BCF9B,gpon,HWTC233BCF9B,IC425ETB,blopez,"Villa Dolores 2",2,1,30,Zone,,,,,,Bridging,,,,,,,,,Enabled,Enabled,"2023-07-27 18:20:24",Online,"Very good",-24.82,-21.13,4399,4762,120,,,translate,300Mbps,300Mbps,,,,"2026-04-05 19:49:17"
HWTC233B4F9B,gpon,HWTC233B4F9B,IC425ETB,cledesma,"Villa Dolores 2",2,1,31,Zone,,,,,,Bridging,,,,,,,,,Enabled,Enabled,"2023-07-31 17:20:36",Online,"Very good",-24.09,-20.65,4398,3682,120,,,translate,300Mbps,300Mbps,,,,"2026-03-12 09:47:38"
HWTC233C4F9B,gpon,HWTC233C4F9B,IC425ETB,svaldez,"Villa Dolores 2",2,1,32,Zone,,,,,,Bridging,,,,,,,,,Enabled,Enabled,"2023-08-01 11:45:15",Online,"Very good",-25.69,-21.61,4522,2466,120,,,translate,300Mbps,300Mbps,,,,"2026-04-02 07:41:09"
HWTC22CDFF9B,gpon,HWTC22CDFF9B,IC425ETB,fjoyola,"Villa Dolores 2",2,1,33,Zone,,,,,,Bridging,,,,,,,,,Enabled,Enabled,"2023-08-01 17:06:50",Online,"Very good",-24.82,-13.43,4513,3657,120,,,translate,300Mbps,300Mbps,,,,"2026-03-31 07:25:56"
HWTC233B6F9B,gpon,HWTC233B6F9B,IC425ETB,stapia,"Villa Dolores 2",2,1,34,Zone,,,,,,Bridging,,,,,,,,,Enabled,Enabled,"2023-08-01 17:46:52",Online,Warning,-30.46,-25.68,4204,4946,120,,,translate,300Mbps,300Mbps,,,,"2026-03-12 09:47:38"
HWTC22CADF9B,gpon,HWTC22CADF9B,IC425ETB,jnolmedo,"Villa Dolores 2",2,1,35,Zone,,,,,,Bridging,,,,,,,,,Enabled,Enabled,"2023-08-02 16:54:32",Online,"Very good",-26.39,-21.08,4558,1259,120,,,translate,300Mbps,300Mbps,,,,"2026-04-15 12:19:38"
HWTC22CAFF9B,gpon,HWTC22CAFF9B,IC425ETB,dochoa2,"Villa Dolores 2",2,1,37,Zone,,,,,,Bridging,,,,,,,,,Enabled,Enabled,"2023-08-03 17:12:22",Online,"Very good",-29.59,-24.31,3781,3152,120,,,translate,300Mbps,300Mbps,,,,"2026-03-12 09:47:38"
HWTC22D55F9B,gpon,HWTC22D55F9B,IC425ETB,cheredia,"Villa Dolores 2",2,1,38,Zone,,,,,,Bridging,,,,,,,,,Enabled,Enabled,"2023-08-04 12:48:21",Online,"Very good",-26.58,-22.14,4371,2637,120,,,translate,300Mbps,300Mbps,,,,"2026-03-12 09:47:38"
HWTC22CEDF9B,gpon,HWTC22CEDF9B,IC425ETB,mmjcaballero,"Villa Dolores 2",2,1,43,Zone,,,,,,Bridging,,,,,,,,,Enabled,Enabled,"2023-08-14 11:32:10",Online,"Very good",-26.99,-23.66,4565,3486,120,,,translate,300Mbps,300Mbps,,,,"2026-03-19 15:33:22"
HWTC22D41F9B,gpon,HWTC22D41F9B,IC425ETB,vamaya,"Villa Dolores 2",2,1,44,Zone,,,,,,Bridging,,,,,,,,,Enabled,Enabled,"2023-08-14 17:42:43",Online,Warning,-30.46,-26.99,4319,4556,120,,,translate,300Mbps,300Mbps,,,,"2026-03-12 09:47:38"
HWTC22D58F9B,gpon,HWTC22D58F9B,IC425ETB,dvillarreal,"Villa Dolores 2",2,1,46,Zone,,,,,,Bridging,,,,,,,,,Enabled,Enabled,"2023-08-17 18:57:51",Online,"Very good",-24.82,-21.94,3927,3229,120,,,translate,300Mbps,300Mbps,,,,"2026-03-12 09:47:38"
HWTC22F88F9B,gpon,HWTC22F88F9B,IC425ETB,dsegura,"Villa Dolores 2",2,1,48,Zone,,,,,,Bridging,,,,,,,,,Enabled,Enabled,"2023-08-30 08:49:11",Online,"Very good",-24.56,-20.91,4700,3182,120,,,translate,300Mbps,300Mbps,,,,"2026-04-03 16:40:22"
HWTC22F19F9B,gpon,HWTC22F19F9B,IC425ETB,mgarcia,"Villa Dolores 2",2,1,49,Zone,,,,,,Bridging,,,,,,,,,Enabled,Enabled,"2023-08-30 17:25:36",Online,"Very good",-25.69,-22.36,4701,4477,120,,,translate,300Mbps,300Mbps,,,,"2026-03-17 23:08:16"
HWTC7D8D2B5D,gpon,HWTC7D8D2B5D,HG8310M,mrojas1,"Villa Dolores 2",2,1,52,Zone,,,,,,Bridging,,,,,,,,,"Not supported by ONU-Type",Enabled,"2023-09-18 18:40:14",Online,"Very good",-26.39,-23.87,4560,5230,120,,,translate,300Mbps,300Mbps,,,,"2026-03-17 12:44:48"
HWTC7D52CF5D,gpon,HWTC7D52CF5D,HG8310M,lsanchez,"Villa Dolores 2",2,1,53,Zone,,,,,,Bridging,,,,,,,,,"Not supported by ONU-Type",Enabled,"2023-09-26 16:42:35",Online,"Very good",-24.95,-21.8,4709,2842,120,,,translate,300Mbps,300Mbps,,,,"2026-03-12 09:47:38"
HWTC7D6E235D,gpon,HWTC7D6E235D,HG8310M,srbarreto,"Villa Dolores 2",2,1,71,Zone,,,,,,Bridging,,,,,,,,,"Not supported by ONU-Type",Enabled,"2026-04-09 16:24:16",Online,"Very good",-25.09,-22.75,4517,902,120,,,translate,300Mbps,300Mbps,,,,"2026-04-11 15:15:56"
HWTC234B2F9B,gpon,HWTC234B2F9B,EG8141A5,shbringas,"Villa Dolores 2",2,2,0,Zone,,,,,,Bridging,,,,,,,,,Enabled,Enabled,"2023-07-10 08:47:19",Online,"Very good",-24.21,-19.5,5327,2100,120,,,translate,300Mbps,300Mbps,,,,"2026-03-21 08:03:59"
HWTC22CE2F9B,gpon,HWTC22CE2F9B,EG8141A5,maltamirano5,"Villa Dolores 2",2,2,1,Zone,,,,,,Bridging,,,,,,,,,Enabled,Enabled,"2023-07-07 18:33:10",Online,"Very good",-24.21,-20.08,5812,2143,120,,,translate,300Mbps,300Mbps,,,,"2026-03-12 09:47:38"
HWTC22CF4F9B,gpon,HWTC22CF4F9B,EG8141A5,npereyra1,"Villa Dolores 2",2,2,3,Zone,,,,,,Bridging,,,,,,,,,Enabled,Enabled,"2023-07-10 09:22:09",Online,"Very good",-24.95,-20.04,5592,4275,120,,,translate,300Mbps,300Mbps,,,,"2026-03-12 09:47:38"
HWTC23058F9B,gpon,HWTC23058F9B,IC425ETB,rgaray2,"Villa Dolores 2",2,2,6,Zone,,,,,,Bridging,,,,,,,,,Enabled,Enabled,"2023-08-10 18:17:14",Online,"Very good",-26.2,-20.17,5191,2153,120,,,translate,300Mbps,300Mbps,,,,"2026-03-12 09:47:38"
HWTC22D71F9B,gpon,HWTC22D71F9B,EG8141A5,fquinteros,"Villa Dolores 2",2,2,7,Zone,,,,,,Bridging,,,,,,,,,Enabled,Enabled,"2023-07-10 10:26:32",Online,"Very good",-24.56,-20.55,5293,2439,120,,,translate,300Mbps,300Mbps,,,,"2026-04-16 06:46:39"
HWTC22D05F9B,gpon,HWTC22D05F9B,EG8141A5,meoviedo,"Villa Dolores 2",2,2,8,Zone,,,,,,Bridging,,,,,,,,,Enabled,Enabled,"2023-07-10 10:46:55",Online,"Very good",-24.44,-18.44,5435,2461,120,,,translate,300Mbps,300Mbps,,,,"2026-04-11 15:02:12"
HWTC22D04F9B,gpon,HWTC22D04F9B,EG8141A5,mjara2,"Villa Dolores 2",2,2,15,Zone,,,,,,Bridging,,,,,,,,,Enabled,Enabled,"2023-07-11 18:39:46",Online,"Very good",-23.02,-19.35,5754,5321,120,,,translate,300Mbps,300Mbps,,,,"2026-03-12 09:47:38"
HWTC22D86F9B,gpon,HWTC22D86F9B,EG8141A5,cnunez,"Villa Dolores 2",2,2,17,Zone,,,,,,Bridging,,,,,,,,,Enabled,Enabled,"2023-07-13 09:56:55",Online,"Very good",-25.09,-19.7,5331,2113,120,,,translate,300Mbps,300Mbps,,,,"2026-03-24 13:25:37"
HWTC22D73F9B,gpon,HWTC22D73F9B,EG8141A5,mgomez1,"Villa Dolores 2",2,2,21,Zone,,,,,,Bridging,,,,,,,,,Enabled,Enabled,"2023-07-13 18:10:09",Online,"Very good",-25.69,-20.75,5861,3169,120,,,translate,300Mbps,300Mbps,,,,"2026-03-12 09:47:38"
HWTC22E0AF9B,gpon,HWTC22E0AF9B,EG8141A5,arortega,"Villa Dolores 2",2,2,22,Zone,,,,,,Bridging,,,,,,,,,Enabled,Enabled,"2023-07-14 12:10:46",Online,"Very good",-25.69,-14.76,4728,3436,120,,,translate,300Mbps,300Mbps,,,,"2026-03-26 19:41:56"
HWTC23302F9B,gpon,HWTC23302F9B,IC425ETB,cabadaro,"Villa Dolores 2",2,2,25,Zone,,,,,,Bridging,,,,,,,,,Enabled,Enabled,"2024-02-06 10:20:47",Online,"Very good",-23.38,-19.87,4844,5571,120,,,translate,300Mbps,300Mbps,,,,"2026-03-12 09:47:38"
HWTC22E8DF9B,gpon,HWTC22E8DF9B,EG8141A5,jocarbajal,"Villa Dolores 2",2,2,26,Zone,,,,,,Bridging,,,,,,,,,Enabled,Enabled,"2023-07-18 17:00:29",Online,"Very good",-26.2,-22,5883,2887,120,,,translate,300Mbps,300Mbps,,,,"2026-03-18 21:32:56"
HWTC22E88F9B,gpon,HWTC22E88F9B,EG8141A5,sldominguez,"Villa Dolores 2",2,2,27,Zone,,,,,,Bridging,,,,,,,,,Enabled,Enabled,"2023-07-18 17:52:11",Online,"Very good",-27.96,-21.55,5177,2047,120,,,translate,300Mbps,300Mbps,,,,"2026-03-19 13:42:02"
HWTC22CE6F9B,gpon,HWTC22CE6F9B,IC425ETB,coviedo2,"Villa Dolores 2",2,2,36,Zone,,,,,,Bridging,,,,,,,,,Enabled,Enabled,"2023-08-16 17:02:43",Online,"Very good",-25.38,-20.91,5811,3022,120,,,translate,300Mbps,300Mbps,,,,"2026-04-11 19:25:41"
HWTC236ADF9B,gpon,HWTC236ADF9B,IC425ETB,fallende,"Villa Dolores 2",2,2,39,Zone,,,,,,Bridging,,,,,,,,,Enabled,Enabled,"2023-08-09 17:05:10",Online,"Very good",-29.21,-18.27,6245,3158,120,,,translate,300Mbps,300Mbps,,,,"2026-03-12 09:47:38"
HWTC22CD6F9B,gpon,HWTC22CD6F9B,IC425ETB,mpmontes2,"Villa Dolores 2",2,2,40,Zone,,,,,,Bridging,,,,,,,,,Enabled,Enabled,"2023-08-17 11:17:39",Online,"Very good",-24.32,-20.13,5784,4495,120,,,translate,300Mbps,300Mbps,,,,"2026-03-12 09:47:38"
TPLG8BDDE4E7,gpon,TPLG8BDDE4E7,TX-6610,ardmtello,"Villa Dolores 2",2,2,41,Zone,,,,,,Bridging,,,,,,,,,Enabled,Enabled,"2024-12-11 18:26:49",Online,"Very good",-24.56,-20.81,4868,3781,120,,,translate,300Mbps,300Mbps,,,,"2026-03-12 09:47:38"
HWTC7D532D5D,gpon,HWTC7D532D5D,HG8310M,mbustos2,"Villa Dolores 2",2,2,45,Zone,,,,,,Bridging,,,,,,,,,"Not supported by ONU-Type",Enabled,"2024-01-11 08:52:07",Online,"Very good",-25.53,-19.62,5963,2261,120,,,translate,300Mbps,300Mbps,,,,"2026-03-17 12:31:12"
HWTC22E8FF9B,gpon,HWTC22E8FF9B,EG8141A5,mcortez2,"Villa Dolores 2",2,3,1,Zone,,,,,,Bridging,,,,,,,,,Enabled,Enabled,"2023-07-19 17:09:18",Online,Warning,-30.46,-27.21,5550,3324,120,,,translate,300Mbps,300Mbps,,,,"2026-04-01 16:47:29"
HWTC22F04F9B,gpon,HWTC22F04F9B,EG8141A5,bleyes,"Villa Dolores 2",2,3,4,Zone,,,,,,Bridging,,,,,,,,,Enabled,Enabled,"2023-07-20 09:20:51",Online,"Very good",-27.22,-24.2,5495,4536,120,,,translate,300Mbps,300Mbps,,,,"2026-03-12 09:47:38"
HWTC22DB6F9B,gpon,HWTC22DB6F9B,EG8141A5,rsuarez1,"Villa Dolores 2",2,3,5,Zone,,,,,,Bridging,,,,,,,,,Enabled,Enabled,"2023-07-20 10:10:14",Online,Warning,-30,-16.27,5507,2087,120,,,translate,300Mbps,300Mbps,,,,"2026-03-30 09:35:32"
HWTC22E8BF9B,gpon,HWTC22E8BF9B,EG8141A5,anievas,"Villa Dolores 2",2,3,6,Zone,,,,,,Bridging,,,,,,,,,Enabled,Enabled,"2023-07-20 12:48:18",Online,"Very good",-29.59,-18.89,5627,4252,120,,,translate,300Mbps,300Mbps,,,,"2026-03-13 00:00:30"
HWTC22ED7F9B,gpon,HWTC22ED7F9B,EG8141A5,mvillalobos,"Villa Dolores 2",2,3,7,Zone,,,,,,Bridging,,,,,,,,,Enabled,Enabled,"2023-07-20 13:36:14",Online,"Very good",-26.39,-21.87,5983,4713,120,,,translate,300Mbps,300Mbps,,,,"2026-03-12 09:47:38"
HWTC22E8AF9B,gpon,HWTC22E8AF9B,EG8141A5,gmurua2,"Villa Dolores 2",2,3,8,Zone,,,,,,Bridging,,,,,,,,,Enabled,Enabled,"2023-07-20 14:38:01",Online,"Very good",-23.88,-20.04,5155,4871,120,,,translate,300Mbps,300Mbps,,,,"2026-03-21 17:40:00"
HWTC233C5F9B,gpon,HWTC233C5F9B,IC425ETB,jnievas,"Villa Dolores 2",2,3,10,Zone,,,,,,Bridging,,,,,,,,,Enabled,Enabled,"2024-11-27 19:19:41",Online,"Very good",-26.2,-20.91,6450,1158,120,,,translate,300Mbps,300Mbps,,,,"2026-03-23 16:32:26"
HWTC22DB8F9B,gpon,HWTC22DB8F9B,IC425ETB,palvarez,"Villa Dolores 2",2,3,12,Zone,,,,,,Bridging,,,,,,,,,Enabled,Enabled,"2023-07-25 11:06:02",Online,"Very good",-22.76,-19.87,5133,4838,140,,,translate,300Mbps,300Mbps,,,,"2026-03-12 09:47:38"
HWTC22CF3F9B,gpon,HWTC22CF3F9B,IC425ETB,dreyra,"Villa Dolores 2",2,3,13,Zone,,,,,,Bridging,,,,,,,,,Enabled,Enabled,"2023-07-25 11:07:34",Online,"Very good",-24.69,-19.35,5013,4021,120,,,translate,300Mbps,300Mbps,,,,"2026-03-31 18:47:34"
TPLGE31A9BB7,gpon,TPLGE31A9BB7,TX-6610,mapenaloza1,"Villa Dolores 2",2,3,16,Zone,,,,,,Bridging,,,,,,,,,Enabled,Enabled,"2025-02-04 18:25:44",Online,"Very good",-26.78,-25.23,6385,5163,120,,,translate,300Mbps,300Mbps,,,,"2026-04-11 21:58:38"
HWTC178D2F9B,gpon,HWTC178D2F9B,IC405WSG,adoyola,"Villa Dolores 2",2,3,17,Zone,,,,,,Bridging,,,,,,,,,Enabled,Enabled,"2023-07-25 16:24:34",Online,"Very good",-29.21,-24.56,5662,4232,120,,,translate,300Mbps,300Mbps,,,,"2026-04-12 11:51:51"
HWTC22D8AF9B,gpon,HWTC22D8AF9B,IC425ETB,frojas,"Villa Dolores 2",2,3,22,Zone,,,,,,Bridging,,,,,,,,,Enabled,Enabled,"2023-07-26 16:19:09",Online,"Very good",-29.21,-24.31,5497,2518,120,,,translate,1G,1G,,,,"2026-04-11 13:31:16"
HWTC22D89F9B,gpon,HWTC22D89F9B,IC425ETB,mtournoud,"Villa Dolores 2",2,3,23,Zone,,,,,,Bridging,,,,,,,,,Enabled,Enabled,"2023-07-26 17:51:48",Online,Warning,-30.46,-28.86,5653,5349,120,,,translate,300Mbps,300Mbps,,,,"2026-03-12 09:47:38"
HWTC22D88F9B,gpon,HWTC22D88F9B,IC425ETB,frodriguez3,"Villa Dolores 2",2,3,24,Zone,,,,,,Bridging,,,,,,,,,Enabled,Enabled,"2023-07-26 18:53:57",Online,Warning,-31.55,-25.68,5619,2032,120,,,translate,300Mbps,300Mbps,,,,"2026-04-07 09:13:09"
HWTC233CDF9B,gpon,HWTC233CDF9B,IC425ETB,mbarrionuevo,"Villa Dolores 2",2,3,25,Zone,,,,,,Bridging,,,,,,,,,Enabled,Enabled,"2023-07-27 16:42:29",Online,"Very good",-27.96,-23.76,5670,3569,120,,,translate,300Mbps,300Mbps,,,,"2026-03-12 09:47:38"
HWTC233BBF9B,gpon,HWTC233BBF9B,IC425ETB,aolguin,"Villa Dolores 2",2,3,26,Zone,,,,,,Bridging,,,,,,,,,Enabled,Enabled,"2023-07-27 16:42:53",Online,"Very good",-25.69,-21.02,5888,2290,120,,,translate,300Mbps,300Mbps,,,,"2026-03-28 23:32:33"
HWTC233CAF9B,gpon,HWTC233CAF9B,IC425ETB,mquevedo4,"Villa Dolores 2",2,3,27,Zone,,,,,,Bridging,,,,,,,,,Enabled,Enabled,"2023-07-28 10:27:05",Online,"Very good",-27.45,-23.37,5738,4210,120,,,translate,300Mbps,300Mbps,,,,"2026-04-07 19:16:34"
HWTC233D7F9B,gpon,HWTC233D7F9B,IC425ETB,jallende,"Villa Dolores 2",2,3,28,Zone,,,,,,Bridging,,,,,,,,,Enabled,Enabled,"2023-07-28 17:22:14",Online,"Very good",-24.95,-19.79,5355,4416,120,,,translate,300Mbps,300Mbps,,,,"2026-03-22 15:55:55"
HWTC233C1F9B,gpon,HWTC233C1F9B,IC425ETB,smoyola,"Villa Dolores 2",2,3,29,Zone,,,,,,Bridging,,,,,,,,,Enabled,Enabled,"2023-07-28 18:31:44",Online,"Very good",-25.23,-19.2,6040,4187,120,,,translate,300Mbps,300Mbps,,,,"2026-04-04 14:10:06"
HWTC233CCF9B,gpon,HWTC233CCF9B,IC425ETB,akastli,"Villa Dolores 2",2,3,31,Zone,,,,,,Bridging,,,,,,,,,Enabled,Enabled,"2023-08-01 09:31:44",Online,"Very good",-23.47,-19.91,5348,4659,120,,,translate,300Mbps,300Mbps,,,,"2026-04-11 14:20:27"
HWTC22D32F9B,gpon,HWTC22D32F9B,IC425ETB,asimon,"Villa Dolores 2",2,3,36,Zone,,,,,,Bridging,,,,,,,,,Enabled,Enabled,"2023-08-01 18:28:30",Online,Warning,-30,-25.08,5878,2915,120,,,translate,300Mbps,300Mbps,,,,"2026-04-09 09:24:38"
HWTC22D34F9B,gpon,HWTC22D34F9B,IC425ETB,cbustos1,"Villa Dolores 2",2,3,37,Zone,,,,,,Bridging,,,,,,,,,Enabled,Enabled,"2023-08-02 15:57:38",Online,"Very good",-25.23,-20.7,6028,4956,120,,,translate,300Mbps,300Mbps,,,,"2026-03-12 09:47:38"
HWTC233C3F9B,gpon,HWTC233C3F9B,IC425ETB,lsuarez,"Villa Dolores 2",2,3,38,Zone,,,,,,Bridging,,,,,,,,,Enabled,Enabled,"2023-08-02 16:06:45",Online,"Very good",-26.78,-22.29,5393,3466,120,,,translate,300Mbps,300Mbps,,,,"2026-03-14 18:48:56"
HWTC233C0F9B,gpon,HWTC233C0F9B,IC425ETB,moviedo5,"Villa Dolores 2",2,3,39,Zone,,,,,,Bridging,,,,,,,,,Enabled,Enabled,"2023-08-02 17:17:50",Online,Warning,-31.55,-23.28,5726,4106,120,,,translate,300Mbps,300Mbps,,,,"2026-03-12 09:47:38"
HWTC22CB1F9B,gpon,HWTC22CB1F9B,IC425ETB,mbustos1,"Villa Dolores 2",2,3,42,Zone,,,,,,Bridging,,,,,,,,,Enabled,Enabled,"2023-08-04 18:36:00",Online,"Very good",-24.09,-20.08,4885,4750,120,,,translate,300Mbps,300Mbps,,,,"2026-03-12 09:47:38"
HWTC2305EF9B,gpon,HWTC2305EF9B,IC425ETB,dbritos,"Villa Dolores 2",2,3,47,Zone,,,,,,Bridging,,,,,,,,,Enabled,Enabled,"2023-08-09 15:51:28",Online,"Very good",-25.38,-20.45,4910,4510,120,,,translate,300Mbps,300Mbps,,,,"2026-03-12 09:47:38"
HWTC232FBF9B,gpon,HWTC232FBF9B,IC425ETB,jnpereyra,"Villa Dolores 2",2,3,52,Zone,,,,,,Bridging,,,,,,,,,Enabled,Enabled,"2023-08-24 15:58:47",Online,"Very good",-24.95,-21.48,6272,5036,120,,,translate,300Mbps,300Mbps,,,,"2026-03-18 00:10:17"
HWTC23304F9B,gpon,HWTC23304F9B,IC425ETB,tmelian,"Villa Dolores 2",2,3,53,Zone,,,,,,Bridging,,,,,,,,,Enabled,Enabled,"2023-08-24 17:02:54",Online,"Very good",-26.78,-22.14,6443,3344,120,,,translate,300Mbps,300Mbps,,,,"2026-04-14 21:23:10"
HWTC23813F9B,gpon,HWTC23813F9B,IC425ETB,arivera,"Villa Dolores 2",2,3,55,Zone,,,,,,Bridging,,,,,,,,,Enabled,Enabled,"2023-08-25 10:40:04",Online,"Very good",-26.2,-21.08,6488,5129,120,,,translate,300Mbps,300Mbps,,,,"2026-04-14 23:36:24"
HWTC22CD5F9B,gpon,HWTC22CD5F9B,IC425ETB,moyola1,"Villa Dolores 2",2,3,56,Zone,,,,,,Bridging,,,,,,,,,Enabled,Enabled,"2023-08-25 12:08:29",Online,"Very good",-26.58,-21.25,6480,2135,120,,,translate,300Mbps,300Mbps,,,,"2026-03-31 12:37:12"
HWTC23305F9B,gpon,HWTC23305F9B,IC425ETB,jgatica,"Villa Dolores 2",2,3,58,Zone,,,,,,Bridging,,,,,,,,,Enabled,Enabled,"2023-08-28 11:55:43",Online,"Very good",-28.87,-25.53,6632,2560,120,,,translate,300Mbps,300Mbps,,,,"2026-04-07 09:20:20"
HWTC22F40F9B,gpon,HWTC22F40F9B,IC425ETB,mbarrios,"Villa Dolores 2",2,3,59,Zone,,,,,,Bridging,,,,,,,,,Enabled,Enabled,"2023-08-28 15:53:13",Online,"Very good",-26.03,-23.87,6035,2311,120,,,translate,300Mbps,300Mbps,,,,"2026-04-01 11:00:56"
HWTC23326F9B,gpon,HWTC23326F9B,IC425ETB,aayan,"Villa Dolores 2",2,3,60,Zone,,,,,,Bridging,,,,,,,,,Enabled,Enabled,"2023-08-28 18:18:24",Online,"Very good",-26.78,-23.37,6301,2438,120,,,translate,300Mbps,300Mbps,,,,"2026-03-12 09:47:38"
HWTC22F4DF9B,gpon,HWTC22F4DF9B,IC425ETB,aapereyra,"Villa Dolores 2",2,3,62,Zone,,,,,,Bridging,,,,,,,,,Enabled,Enabled,"2023-08-29 18:24:29",Online,"Very good",-27.22,-22.36,6457,3149,120,,,translate,300Mbps,300Mbps,,,,"2026-03-12 09:47:38"
HWTC22F18F9B,gpon,HWTC22F18F9B,IC425ETB,mdvleyes,"Villa Dolores 2",2,3,65,Zone,,,,,,Bridging,,,,,,,,,Enabled,Enabled,"2023-08-30 18:08:53",Online,"Very good",-25.53,-20.75,6233,3723,120,,,translate,300Mbps,300Mbps,,,,"2026-03-12 09:47:38"
HWTC22F4AF9B,gpon,HWTC22F4AF9B,IC425ETB,abarrabes,"Villa Dolores 2",2,3,68,Zone,,,,,,Bridging,,,,,,,,,Enabled,Enabled,"2023-08-31 12:30:05",Online,"Very good",-26.2,-21.8,6469,5245,120,,,translate,300Mbps,300Mbps,,,,"2026-03-12 09:55:23"
TPLGE31A98A1,gpon,TPLGE31A98A1,TX-6610,bmdominguez,"Villa Dolores 2",2,3,70,Zone,,,,,,Bridging,,,,,,,,,Enabled,Enabled,"2025-02-04 19:42:31",Online,"Very good",-25.53,-21.55,5505,3946,120,,,translate,300Mbps,300Mbps,,,,"2026-04-13 14:25:34"
HWTC22F2EF9B,gpon,HWTC22F2EF9B,IC425ETB,jrojas1,"Villa Dolores 2",2,3,71,Zone,,,,,,Bridging,,,,,,,,,Enabled,Enabled,"2023-08-31 16:54:54",Online,"Very good",-25.38,-21.61,6320,3680,120,,,translate,300Mbps,300Mbps,,,,"2026-03-12 09:47:38"
HWTC7DB9695D,gpon,HWTC7DB9695D,HG8310M,mdccalderon,"Villa Dolores 2",2,3,73,Zone,,,,,,Bridging,,,,,,,,,"Not supported by ONU-Type",Enabled,"2023-09-12 09:05:30",Online,"Very good",-27.96,-25.85,5914,3095,120,,,translate,300Mbps,300Mbps,,,,"2026-03-12 09:47:38"
HWTC7DBBB65D,gpon,HWTC7DBBB65D,HG8310M,schavero,"Villa Dolores 2",2,3,76,Zone,,,,,,Bridging,,,,,,,,,"Not supported by ONU-Type",Enabled,"2023-09-13 16:44:02",Online,"Very good",-27.7,-22.29,6312,127,120,,,translate,300Mbps,300Mbps,,,,"2026-04-16 09:29:22"
HWTC7DB0705D,gpon,HWTC7DB0705D,HG8310M,amoretta,"Villa Dolores 2",2,3,77,Zone,,,,,,Bridging,,,,,,,,,"Not supported by ONU-Type",Enabled,"2023-09-20 12:09:34",Online,"Very good",-26.2,-21.48,6623,4016,120,,,translate,300Mbps,300Mbps,,,,"2026-04-01 01:41:00"
HWTC7D23D25D,gpon,HWTC7D23D25D,HG8310M,maciar,"Villa Dolores 2",2,3,78,Zone,,,,,,Bridging,,,,,,,,,"Not supported by ONU-Type",Enabled,"2023-09-21 18:48:22",Online,"Very good",-28.87,-24.09,6362,2922,120,,,translate,300Mbps,300Mbps,,,,"2026-03-31 10:32:23"
HWTC7D119F5D,gpon,HWTC7D119F5D,HG8310M,frivadera,"Villa Dolores 2",2,3,79,Zone,,,,,,Bridging,,,,,,,,,"Not supported by ONU-Type",Enabled,"2023-09-25 17:26:57",Online,"Very good",-25.69,-20.22,6197,3923,120,,,translate,300Mbps,300Mbps,,,,"2026-03-11 09:33:07"
HWTC7D84575D,gpon,HWTC7D84575D,HG8310M,dfortini,"Villa Dolores 2",2,3,99,Zone,,,,,,Bridging,,,,,,,,,"Not supported by ONU-Type",Enabled,"2026-01-06 12:45:34",Online,"Very good",-24.95,-20.31,4939,169,120,,,translate,300Mbps,300Mbps,,,,"2026-04-12 12:39:33"
HWTC22E94F9B,gpon,HWTC22E94F9B,IC425ETB,cfgonzalez,"Villa Dolores 2",2,3,102,Zone,,,,,,Bridging,,,,,,,,,Enabled,Enabled,"2026-04-13 12:10:55",Online,"Very good",-28.24,-24.2,5707,907,120,,,translate,300Mbps,300Mbps,,,,"2026-04-13 12:10:57"
HWTC233C9F9B,gpon,HWTC233C9F9B,IC425ETB,vdmolina,"Villa Dolores 2",2,4,1,Zone,,,,,,Bridging,,,,,,,,,Enabled,Enabled,"2025-05-17 23:25:59",Online,"Very good",-28.87,-22.59,5021,2030,120,,,translate,300Mbps,300Mbps,,,,"2026-03-12 09:47:38"
HWTC233C8F9B,gpon,HWTC233C8F9B,IC425ETB,mzandandez,"Villa Dolores 2",2,4,2,Zone,,,,,,Bridging,,,,,,,,,Enabled,Enabled,"2023-07-27 13:26:26",Online,"Very good",-29.59,-23.1,4912,4687,120,,,translate,300Mbps,300Mbps,,,,"2026-03-25 11:29:33"
HWTC233D1F9B,gpon,HWTC233D1F9B,IC425ETB,sortiz2,"Villa Dolores 2",2,4,3,Zone,,,,,,Bridging,,,,,,,,,Enabled,Enabled,"2023-07-27 13:50:52",Online,Warning,-30.97,-26.19,4890,4766,120,,,translate,300Mbps,300Mbps,,,,"2026-03-12 09:47:38"
HWTC22D8EF9B,gpon,HWTC22D8EF9B,IC425ETB,mmolina1,"Villa Dolores 2",2,4,4,Zone,,,,,,Bridging,,,,,,,,,Enabled,Enabled,"2023-07-27 15:25:15",Online,Warning,-30.97,-25.37,4909,3399,120,,,translate,300Mbps,300Mbps,,,,"2026-03-12 09:47:38"
HWTC2381BF9B,gpon,HWTC2381BF9B,IC425ETB,csosa1,"Villa Dolores 2",2,4,6,Zone,,,,,,Bridging,,,,,,,,,Enabled,Enabled,"2023-07-31 12:19:01",Online,"Very good",-27.96,-23.98,5064,5220,120,,,translate,300Mbps,300Mbps,,,,"2026-04-16 19:36:48"
HWTC23430F9B,gpon,HWTC23430F9B,IC425ETB,smpacheco,"Villa Dolores 2",2,4,7,Zone,,,,,,Bridging,,,,,,,,,Enabled,Enabled,"2023-07-31 12:57:31",Online,Warning,-30.97,-26.57,4969,4144,140,,,translate,300Mbps,300Mbps,,,,"2026-04-14 19:23:17"
HWTC233BDF9B,gpon,HWTC233BDF9B,IC425ETB,dvillarreal2,"Villa Dolores 2",2,4,8,Zone,,,,,,Bridging,,,,,,,,,Enabled,Enabled,"2023-07-31 16:28:49",Online,"Very good",-29.59,-25.68,5736,3475,120,,,translate,300Mbps,300Mbps,,,,"2026-02-21 12:35:21"
HWTC23068F9B,gpon,HWTC23068F9B,IC425ETB,eoyola,"Villa Dolores 2",2,4,10,Zone,,,,,,Bridging,,,,,,,,,Enabled,Enabled,"2023-08-07 15:54:54",Online,"Very good",-27.22,-23.87,4935,5035,120,,,translate,300Mbps,300Mbps,,,,"2026-03-12 09:47:38"
HWTC7DB9405D,gpon,HWTC7DB9405D,HG8310M,aperez2,"Villa Dolores 2",2,4,11,Zone,,,,,,Bridging,,,,,,,,,"Not supported by ONU-Type",Enabled,"2024-01-09 11:56:00",Online,"Very good",-28.54,-23.18,4745,4459,120,,,translate,300Mbps,300Mbps,,,,"2026-03-30 20:55:01"
HWTC23690F9B,gpon,HWTC23690F9B,IC425ETB,emortiz,"Villa Dolores 2",2,4,13,Zone,,,,,,Bridging,,,,,,,,,Enabled,Enabled,"2023-08-14 18:08:31",Online,"Very good",-27.22,-23.98,5067,4846,120,,,translate,300Mbps,300Mbps,,,,"2026-03-12 09:47:38"
HWTC22F73F9B,gpon,HWTC22F73F9B,IC425ETB,mhbecerra,"Villa Dolores 2",2,4,18,Zone,,,,,,Bridging,,,,,,,,,Enabled,Enabled,"2023-08-30 09:50:21",Online,"Very good",-26.99,-23.1,5003,5047,120,,,translate,300Mbps,300Mbps,,,,"2026-04-05 20:58:49"
HWTC7D26125D,gpon,HWTC7D26125D,HG8310M,mdperez,"Villa Dolores 2",2,4,62,Zone,,,,,,Bridging,,,,,,,,,"Not supported by ONU-Type",Enabled,"2026-04-09 18:51:21",Online,Warning,-30.46,-25.37,6243,906,120,,,translate,300Mbps,300Mbps,,,,"2026-04-09 18:51:27"
HWTC22CB2F9B,gpon,HWTC22CB2F9B,IC425ETB,aequintania,"Villa Dolores 2",2,5,1,Zone,,,,,,Bridging,,,,,,,,,Enabled,Enabled,"2023-08-03 17:36:22",Online,"Very good",-25.53,-20.27,6508,4212,120,,,translate,300Mbps,300Mbps,,,,"2026-04-14 09:13:16"
HWTC22D59F9B,gpon,HWTC22D59F9B,IC425ETB,foyola,"Villa Dolores 2",2,5,2,Zone,,,,,,Bridging,,,,,,,,,Enabled,Enabled,"2023-08-04 10:19:10",Online,"Very good",-23.98,-20.97,6572,4837,120,,,translate,300Mbps,300Mbps,,,,"2026-03-12 09:47:38"
HWTC22CACF9B,gpon,HWTC22CACF9B,IC425ETB,gpalacios,"Villa Dolores 2",2,5,3,Zone,,,,,,Bridging,,,,,,,,,Enabled,Enabled,"2023-08-04 11:16:12",Online,"Very good",-28.87,-23.66,6961,2906,120,,,translate,300Mbps,300Mbps,,,,"2026-04-02 05:15:23"
HWTC22E05F9B,gpon,HWTC22E05F9B,IC425ETB,cgauna,"Villa Dolores 2",2,5,4,Zone,,,,,,Bridging,,,,,,,,,Enabled,Enabled,"2023-08-04 11:29:02",Online,"Very good",-29.59,-24.31,6878,3029,120,,,translate,300Mbps,300Mbps,,,,"2026-04-11 14:20:27"
HWTC22CCCF9B,gpon,HWTC22CCCF9B,IC425ETB,yfzarate,"Villa Dolores 2",2,5,6,Zone,,,,,,Bridging,,,,,,,,,Enabled,Enabled,"2023-08-04 12:34:44",Online,"Very good",-28.87,-26.38,6575,2699,120,,,translate,300Mbps,300Mbps,,,,"2026-03-12 09:47:38"
HWTC22E09F9B,gpon,HWTC22E09F9B,IC425ETB,dcalderon,"Villa Dolores 2",2,5,7,Zone,,,,,,Bridging,,,,,,,,,Enabled,Enabled,"2023-08-04 16:21:54",Online,"Very good",-28.24,-22,6964,2949,120,,,translate,300Mbps,300Mbps,,,,"2026-03-22 23:05:34"
HWTC22DC9F9B,gpon,HWTC22DC9F9B,IC425ETB,evrito,"Villa Dolores 2",2,5,8,Zone,,,,,,Bridging,,,,,,,,,Enabled,Enabled,"2023-08-04 16:43:05",Online,"Very good",-24.32,-20.7,6716,2508,120,,,translate,300Mbps,300Mbps,,,,"2026-04-13 17:07:17"
HWTC22DCDF9B,gpon,HWTC22DCDF9B,IC425ETB,lrodriguez,"Villa Dolores 2",2,5,9,Zone,,,,,,Bridging,,,,,,,,,Enabled,Enabled,"2023-08-04 17:35:02",Online,Warning,-30,-24.68,7278,3600,120,,,translate,300Mbps,300Mbps,,,,"2026-03-12 09:47:38"
HWTC22EA5F9B,gpon,HWTC22EA5F9B,IC425ETB,varanega,"Villa Dolores 2",2,5,10,Zone,,,,,,Bridging,,,,,,,,,Enabled,Enabled,"2026-04-15 16:18:24",Online,"Very good",-27.45,-24.43,6580,909,120,,,translate,300Mbps,300Mbps,,,,"2026-04-15 16:23:09"
HWTC22DCEF9B,gpon,HWTC22DCEF9B,IC425ETB,edoviedo2,"Villa Dolores 2",2,5,12,Zone,,,,,,Bridging,,,,,,,,,Enabled,Enabled,"2023-08-04 18:03:16",Online,"Very good",-29.59,-24.31,7305,4894,120,,,translate,300Mbps,300Mbps,,,,"2026-04-13 15:35:24"
HWTC2306BF9B,gpon,HWTC2306BF9B,IC425ETB,goyola,"Villa Dolores 2",2,5,17,Zone,,,,,,Bridging,,,,,,,,,Enabled,Enabled,"2023-08-07 10:37:30",Online,"Very good",-25.53,-19.87,6704,2782,120,,,translate,300Mbps,300Mbps,,,,"2026-03-12 09:47:38"
HWTC22DCFF9B,gpon,HWTC22DCFF9B,IC425ETB,cdbarroso,"Villa Dolores 2",2,5,19,Zone,,,,,,Bridging,,,,,,,,,Enabled,Enabled,"2023-08-07 11:37:59",Online,"Very good",-29.21,-20.6,6687,5126,120,,,translate,300Mbps,300Mbps,,,,"2026-04-07 19:02:39"
HWTC22DD0F9B,gpon,HWTC22DD0F9B,IC425ETB,jvillarreal,"Villa Dolores 2",2,5,20,Zone,,,,,,Bridging,,,,,,,,,Enabled,Enabled,"2023-08-07 12:02:54",Online,"Very good",-29.21,-23.98,6371,3859,120,,,translate,300Mbps,300Mbps,,,,"2026-03-12 09:47:38"
HWTC22DCCF9B,gpon,HWTC22DCCF9B,IC425ETB,mayan,"Villa Dolores 2",2,5,21,Zone,,,,,,Bridging,,,,,,,,,Enabled,Enabled,"2023-08-07 12:37:00",Online,"Very good",-26.03,-22.36,6531,3633,120,,,translate,300Mbps,300Mbps,,,,"2026-03-12 09:47:38"
HWTC23069F9B,gpon,HWTC23069F9B,IC425ETB,agil3,"Villa Dolores 2",2,5,22,Zone,,,,,,Bridging,,,,,,,,,Enabled,Enabled,"2023-08-07 12:43:07",Online,"Very good",-29.59,-25.08,6517,3849,120,,,translate,300Mbps,300Mbps,,,,"2026-03-12 09:47:38"
HWTC234CAF9B,gpon,HWTC234CAF9B,IC425ETB,tmolmos,"Villa Dolores 2",2,5,23,Zone,,,,,,Bridging,,,,,,,,,Enabled,Enabled,"2023-08-07 15:59:12",Online,Warning,-30,-25.08,7284,3451,120,,,translate,300Mbps,300Mbps,,,,"2026-03-12 09:47:38"
HWTC23065F9B,gpon,HWTC23065F9B,IC425ETB,mbustos5,"Villa Dolores 2",2,5,27,Zone,,,,,,Bridging,,,,,,,,,Enabled,Enabled,"2023-08-07 17:29:36",Online,"Very good",-28.87,-23.46,6995,1983,120,,,translate,300Mbps,300Mbps,,,,"2026-03-22 21:00:36"
HWTC234BBF9B,gpon,HWTC234BBF9B,IC425ETB,jcvillarreal,"Villa Dolores 2",2,5,28,Zone,,,,,,Bridging,,,,,,,,,Enabled,Enabled,"2023-08-07 17:59:39",Online,"Very good",-27.22,-23.87,6587,2589,120,,,translate,300Mbps,300Mbps,,,,"2026-04-12 04:47:17"
HWTC22DF6F9B,gpon,HWTC22DF6F9B,IC425ETB,baltamirano4,"Villa Dolores 2",2,5,30,Zone,,,,,,Bridging,,,,,,,,,Enabled,Enabled,"2023-08-07 18:21:24",Online,"Very good",-29.59,-24.81,6979,2603,120,,,translate,300Mbps,300Mbps,,,,"2026-04-02 20:57:24"
HWTC236A0F9B,gpon,HWTC236A0F9B,IC425ETB,aparias,"Villa Dolores 2",2,5,36,Zone,,,,,,Bridging,,,,,,,,,Enabled,Enabled,"2023-08-08 12:08:58",Online,"Very good",-28.54,-23.56,6747,2426,120,,,translate,300Mbps,300Mbps,,,,"2026-03-28 15:27:44"
HWTC2305CF9B,gpon,HWTC2305CF9B,IC425ETB,mivrito,"Villa Dolores 2",2,5,40,Zone,,,,,,Bridging,,,,,,,,,Enabled,Enabled,"2023-08-08 16:58:56",Online,"Very good",-27.96,-23.98,6720,3897,120,,,translate,300Mbps,300Mbps,,,,"2026-03-12 09:47:38"
TPLG8BDDDD73,gpon,TPLG8BDDDD73,TX-6610,laltamirano2,"Villa Dolores 2",2,5,41,Zone,,,,,,Bridging,,,,,,,,,Enabled,Enabled,"2025-01-15 09:55:09",Online,Critical,-33.02,-28.54,6871,3818,120,,,translate,300Mbps,300Mbps,,,,"2026-03-12 09:47:38"
HWTC234C7F9B,gpon,HWTC234C7F9B,IC425ETB,arzarate,"Villa Dolores 2",2,5,44,Zone,,,,,,Bridging,,,,,,,,,Enabled,Enabled,"2023-08-08 17:53:57",Online,Critical,-33.98,-28.86,6585,5145,120,,,translate,300Mbps,300Mbps,,,,"2026-04-07 16:50:31"
HWTC22CF5F9B,gpon,HWTC22CF5F9B,IC425ETB,kmvillarreal,"Villa Dolores 2",2,5,50,Zone,,,,,,Bridging,,,,,,,,,Enabled,Enabled,"2023-08-10 12:16:13",Online,"Very good",-27.45,-19.35,6918,5236,120,,,translate,300Mbps,300Mbps,,,,"2026-03-12 09:47:38"
HWTC22D2FF9B,gpon,HWTC22D2FF9B,IC425ETB,jebelin,"Villa Dolores 2",2,5,54,Zone,,,,,,Bridging,,,,,,,,,Enabled,Enabled,"2023-08-14 16:58:50",Online,"Very good",-28.24,-23.37,7373,2807,120,,,translate,300Mbps,300Mbps,,,,"2026-03-12 09:47:38"
HWTC22D84F9B,gpon,HWTC22D84F9B,IC425ETB,flami1,"Villa Dolores 2",2,5,62,Zone,,,,,,Bridging,,,,,,,,,Enabled,Enabled,"2023-08-15 10:18:02",Online,"Very good",-27.22,-21.25,6290,3886,120,,,translate,300Mbps,300Mbps,,,,"2026-03-12 09:47:38"
HWTC22D30F9B,gpon,HWTC22D30F9B,IC425ETB,sabarrios,"Villa Dolores 2",2,5,64,Zone,,,,,,Bridging,,,,,,,,,Enabled,Enabled,"2023-08-15 11:27:37",Online,Warning,-30.46,-25.37,6662,3327,120,,,translate,300Mbps,300Mbps,,,,"2026-03-28 11:32:14"
HWTC22CF0F9B,gpon,HWTC22CF0F9B,IC425ETB,nnieto,"Villa Dolores 2",2,5,67,Zone,,,,,,Bridging,,,,,,,,,Enabled,Enabled,"2023-08-15 17:48:26",Online,"Very good",-24.82,-20.81,6898,2669,120,,,translate,300Mbps,300Mbps,,,,"2026-04-13 16:31:33"
HWTC22D2EF9B,gpon,HWTC22D2EF9B,IC425ETB,emartinez3,"Villa Dolores 2",2,5,68,Zone,,,,,,Bridging,,,,,,,,,Enabled,Enabled,"2023-08-15 18:36:20",Online,Warning,-30.46,-25.85,6703,4322,120,,,translate,300Mbps,300Mbps,,,,"2026-04-02 08:56:59"
HWTC22CFDF9B,gpon,HWTC22CFDF9B,IC425ETB,amunoz,"Villa Dolores 2",2,5,70,Zone,,,,,,Bridging,,,,,,,,,Enabled,Enabled,"2023-08-17 16:21:33",Online,"Very good",-28.24,-20,7153,3553,120,,,translate,300Mbps,300Mbps,,,,"2026-04-12 14:30:35"
HWTC22CEEF9B,gpon,HWTC22CEEF9B,IC425ETB,jmartinez,"Villa Dolores 2",2,5,72,Zone,,,,,,Bridging,,,,,,,,,Enabled,Enabled,"2023-08-17 17:52:54",Online,Critical,-33.98,-29.58,7050,5324,120,,,translate,300Mbps,300Mbps,,,,"2026-04-02 11:08:58"
HWTC22E95F9B,gpon,HWTC22E95F9B,IC425ETB,jlromero,"Villa Dolores 2",2,5,73,Zone,,,,,,Bridging,,,,,,,,,Enabled,Enabled,"2023-08-17 19:04:51",Online,Warning,-30.46,-24.95,7346,3383,120,,,translate,300Mbps,300Mbps,,,,"2026-04-07 09:26:55"
HWTC232EAF9B,gpon,HWTC232EAF9B,IC425ETB,dvera,"Villa Dolores 2",2,5,77,Zone,,,,,,Bridging,,,,,,,,,Enabled,Enabled,"2023-08-22 10:56:47",Online,Warning,-30,-25.37,7305,3474,120,,,translate,300Mbps,300Mbps,,,,"2026-04-15 20:53:59"
HWTC2342AF9B,gpon,HWTC2342AF9B,IC425ETB,mfromero,"Villa Dolores 2",2,5,85,Zone,,,,,,Bridging,,,,,,,,,Enabled,Enabled,"2024-01-05 19:13:47",Online,"Very good",-29.59,-24.81,7039,2172,120,,,translate,300Mbps,300Mbps,,,,"2026-03-12 09:47:38"
HWTC23306F9B,gpon,HWTC23306F9B,IC425ETB,armurua,"Villa Dolores 2",2,6,0,Zone,,,,,,Bridging,,,,,,,,,Enabled,Enabled,"2023-08-25 11:13:13",Online,"Very good",-28.54,-19.06,6764,3093,120,,,translate,300Mbps,300Mbps,,,,"2026-03-12 09:47:38"
HWTC22F80F9B,gpon,HWTC22F80F9B,IC425ETB,sabustos,"Villa Dolores 2",2,6,2,Zone,,,,,,Bridging,,,,,,,,,Enabled,Enabled,"2023-08-30 18:52:04",Online,"Very good",-26.39,-21.94,7047,4873,120,,,translate,300Mbps,300Mbps,,,,"2026-03-12 09:47:38"
HWTC22D82F9B,gpon,HWTC22D82F9B,IC425ETB,voyola,"Villa Dolores 2",2,6,3,Zone,,,,,,Bridging,,,,,,,,,Enabled,Enabled,"2023-09-07 09:43:54",Online,"Very good",-26.58,-23.1,6165,2202,120,,,translate,300Mbps,300Mbps,,,,"2026-03-12 09:47:38"
HWTC22F41F9B,gpon,HWTC22F41F9B,IC425ETB,ldvillalobo,"Villa Dolores 2",2,6,7,Zone,,,,,,Bridging,,,,,,,,,Enabled,Enabled,"2023-09-07 11:05:28",Online,"Very good",-26.03,-21.61,6281,5021,120,,,translate,300Mbps,300Mbps,,,,"2026-03-21 09:13:28"
HWTC23180F9B,gpon,HWTC23180F9B,IC425ETB,colguin,"Villa Dolores 2",2,6,9,Zone,,,,,,Bridging,,,,,,,,,Enabled,Enabled,"2023-09-07 11:55:00",Online,"Very good",-23.19,-20.31,6594,3564,120,,,translate,300Mbps,300Mbps,,,,"2026-04-16 05:50:12"
HWTC7D24155D,gpon,HWTC7D24155D,HG8310M,smochoa,"Villa Dolores 2",2,6,10,Zone,,,,,,Bridging,,,,,,,,,"Not supported by ONU-Type",Enabled,"2023-09-08 18:21:36",Online,"Very good",-28.24,-22.29,6215,2171,120,,,translate,300Mbps,300Mbps,,,,"2026-03-23 17:55:42"
HWTC7DB8505D,gpon,HWTC7DB8505D,HG8310M,pferreyra1,"Villa Dolores 2",2,6,11,Zone,,,,,,Bridging,,,,,,,,,"Not supported by ONU-Type",Enabled,"2023-09-11 09:39:46",Online,"Very good",-25.69,-21.94,6678,2353,120,,,translate,300Mbps,300Mbps,,,,"2026-04-06 02:58:41"
HWTC7D45545D,gpon,HWTC7D45545D,HG8310M,apalacio2,"Villa Dolores 2",2,6,13,Zone,,,,,,Bridging,,,,,,,,,"Not supported by ONU-Type",Enabled,"2023-09-11 11:31:13",Online,"Very good",-27.22,-23.76,6927,2062,120,,,translate,300Mbps,300Mbps,,,,"2026-03-17 14:49:32"
HWTC591DBC8C,gpon,HWTC591DBC8C,HG8310M,coyola,"Villa Dolores 2",2,6,14,Zone,,,,,,Bridging,,,,,,,,,"Not supported by ONU-Type",Enabled,"2023-09-11 11:31:44",Online,"Very good",-26.03,-21.13,6919,4711,120,,,translate,300Mbps,300Mbps,,,,"2026-03-11 09:33:07"
HWTC7DA5095D,gpon,HWTC7DA5095D,HG8310M,mbarrionuevo3,"Villa Dolores 2",2,6,15,Zone,,,,,,Bridging,,,,,,,,,"Not supported by ONU-Type",Enabled,"2023-09-11 17:24:42",Online,"Very good",-25.69,-21.19,6204,3393,120,,,translate,300Mbps,300Mbps,,,,"2026-04-07 15:13:23"
HWTC7D5B5F5D,gpon,HWTC7D5B5F5D,HG8310M,promero,"Villa Dolores 2",2,6,16,Zone,,,,,,Bridging,,,,,,,,,"Not supported by ONU-Type",Enabled,"2023-09-11 18:58:06",Online,"Very good",-28.54,-22.14,6327,4917,120,,,translate,300Mbps,300Mbps,,,,"2026-04-11 22:12:17"
HWTC7D6F8A5D,gpon,HWTC7D6F8A5D,HG8310M,mcornejo,"Villa Dolores 2",2,6,17,Zone,,,,,,Bridging,,,,,,,,,"Not supported by ONU-Type",Enabled,"2023-09-12 09:29:06",Online,"Very good",-26.78,-23.87,6738,4062,120,,,translate,300Mbps,300Mbps,,,,"2026-04-08 14:43:38"
HWTC5969D08C,gpon,HWTC5969D08C,HG8310M,vsaltamirano,"Villa Dolores 2",2,6,18,Zone,,,,,,Bridging,,,,,,,,,"Not supported by ONU-Type",Enabled,"2023-09-12 10:29:14",Online,"Very good",-25.86,-21.61,6747,5010,120,,,translate,300Mbps,300Mbps,,,,"2026-03-12 09:47:38"
HWTC7D50D45D,gpon,HWTC7D50D45D,HG8310M,etrescher,"Villa Dolores 2",2,6,19,Zone,,,,,,Bridging,,,,,,,,,"Not supported by ONU-Type",Enabled,"2023-09-12 11:45:26",Online,"Very good",-25.86,-21.13,6556,2118,120,,,translate,300Mbps,300Mbps,,,,"2026-03-28 10:57:00"
HWTC7D1B6F5D,gpon,HWTC7D1B6F5D,HG8310M,aperez,"Villa Dolores 2",2,6,22,Zone,,,,,,Bridging,,,,,,,,,"Not supported by ONU-Type",Enabled,"2023-09-12 16:47:56",Online,"Very good",-26.99,-23.56,6557,4213,120,,,translate,300Mbps,300Mbps,,,,"2026-03-11 09:33:07"
HWTC7D577C5D,gpon,HWTC7D577C5D,HG8310M,aayan1,"Villa Dolores 2",2,6,26,Zone,,,,,,Bridging,,,,,,,,,"Not supported by ONU-Type",Enabled,"2023-09-18 09:39:47",Online,"Very good",-27.45,-23.28,6277,4305,120,,,translate,300Mbps,300Mbps,,,,"2026-04-13 13:29:38"
HWTC7D13045D,gpon,HWTC7D13045D,HG8310M,mzarate2,"Villa Dolores 2",2,6,31,Zone,,,,,,Bridging,,,,,,,,,"Not supported by ONU-Type",Enabled,"2023-09-22 09:21:54",Online,"Very good",-26.78,-21.67,7021,2040,120,,,translate,300Mbps,300Mbps,,,,"2026-04-03 23:16:21"
HWTC7DA8C15D,gpon,HWTC7DA8C15D,HG8310M,tfarias,"Villa Dolores 2",2,6,32,Zone,,,,,,Bridging,,,,,,,,,"Not supported by ONU-Type",Enabled,"2023-09-25 11:46:57",Online,"Very good",-27.22,-22.84,6886,4890,120,,,translate,300Mbps,300Mbps,,,,"2026-03-11 09:33:07"
HWTC7D96B45D,gpon,HWTC7D96B45D,HG8310M,mpaez2,"Villa Dolores 2",2,6,37,Zone,,,,,,Bridging,,,,,,,,,"Not supported by ONU-Type",Enabled,"2023-11-02 17:29:22",Online,"Very good",-26.99,-22.44,6999,5444,120,,,translate,300Mbps,300Mbps,,,,"2026-03-11 09:33:07"
TPLG8BDDDC51,gpon,TPLG8BDDDC51,TX-6610,amarguerllo,"Villa Dolores 2",2,6,43,Zone,,,,,,Bridging,,,,,,,,,Enabled,Enabled,"2024-12-05 16:48:38",Online,"Very good",-26.2,-21.02,7158,438,120,,,translate,300Mbps,300Mbps,,,,"2026-04-08 12:19:27"
TPLGE31A9F6E,gpon,TPLGE31A9F6E,TX-6610,lsuarez3,"Villa Dolores 2",2,6,47,Zone,,,,,,Bridging,,,,,,,,,Enabled,Enabled,"2025-04-30 12:35:34",Online,"Very good",-27.22,-23.46,6446,6049,120,,,translate,300Mbps,300Mbps,,,,"2026-04-15 23:57:43"
HWTC7D84BC5D,gpon,HWTC7D84BC5D,HG8310M,cromero3,"Villa Dolores 2",2,7,0,Zone,,,,,,Bridging,,,,,,,,,"Not supported by ONU-Type",Enabled,"2023-09-13 17:41:08",Online,"Very good",-27.22,-23.1,7054,3954,120,,,translate,300Mbps,300Mbps,,,,"2026-03-11 09:33:07"
HWTC23067F9B,gpon,HWTC23067F9B,IC425ETB,npayero2,"Villa Dolores 2",2,7,2,Zone,,,,,,Bridging,,,,,,,,,Enabled,Enabled,"2026-04-13 10:52:26",Online,"Very good",-26.2,-22.52,7597,903,120,,,translate,300Mbps,300Mbps,,,,"2026-04-13 10:52:29"
HWTC7D9CEA5D,gpon,HWTC7D9CEA5D,HG8310M,mbritos2,"Villa Dolores 2",2,7,4,Zone,,,,,,Bridging,,,,,,,,,"Not supported by ONU-Type",Enabled,"2023-09-14 12:39:32",Online,"Very good",-26.03,-24.09,7202,4540,120,,,translate,300Mbps,300Mbps,,,,"2026-04-02 06:52:16"
HWTC7D108D5D,gpon,HWTC7D108D5D,HG8310M,jarriola,"Villa Dolores 2",2,7,9,Zone,,,,,,Bridging,,,,,,,,,"Not supported by ONU-Type",Enabled,"2023-09-18 12:00:12",Online,"Very good",-28.87,-25.37,7673,5375,120,,,translate,300Mbps,300Mbps,,,,"2026-03-11 09:33:07"
TPLGE31A9C3E,gpon,TPLGE31A9C3E,TX-6610,cmaguirre,"Villa Dolores 2",2,7,11,Zone,,,,,,Bridging,,,,,,,,,Enabled,Enabled,"2024-11-25 16:46:48",Online,"Very good",-26.78,-22.84,7847,1877,120,,,translate,300Mbps,300Mbps,,,,"2026-03-11 09:33:07"
HWTC7D43E25D,gpon,HWTC7D43E25D,HG8310M,mrivarola2,"Villa Dolores 2",2,7,13,Zone,,,,,,Bridging,,,,,,,,,"Not supported by ONU-Type",Enabled,"2023-09-18 16:26:03",Online,Warning,-30,-23.1,7763,5403,120,,,translate,300Mbps,300Mbps,,,,"2026-03-11 09:33:07"
HWTC7D7CFD5D,gpon,HWTC7D7CFD5D,HG8310M,ehfernandez1,"Villa Dolores 2",2,7,14,Zone,,,,,,Bridging,,,,,,,,,"Not supported by ONU-Type",Enabled,"2025-11-23 12:40:13",Online,"Very good",-28.24,-28.86,7447,0,120,,,translate,300Mbps,300Mbps,,,,"2026-04-09 07:27:44"
HWTC7D40F05D,gpon,HWTC7D40F05D,HG8310M,npayero,"Villa Dolores 2",2,7,16,Zone,,,,,,Bridging,,,,,,,,,"Not supported by ONU-Type",Enabled,"2023-09-20 18:10:42",Online,"Very good",-26.78,-22.22,7531,3920,120,,,translate,300Mbps,300Mbps,,,,"2026-03-11 09:33:07"
HWTC7D7E535D,gpon,HWTC7D7E535D,HG8310M,mequiroga2,"Villa Dolores 2",2,7,20,Zone,,,,,,Bridging,,,,,,,,,"Not supported by ONU-Type",Enabled,"2023-09-28 09:18:58",Online,"Very good",-25.69,-22.67,7378,2836,120,,,translate,300Mbps,300Mbps,,,,"2026-03-11 09:33:07"
HWTC7D2E185D,gpon,HWTC7D2E185D,HG8310M,mcalderon4,"Villa Dolores 2",2,7,22,Zone,,,,,,Bridging,,,,,,,,,"Not supported by ONU-Type",Enabled,"2023-09-28 12:21:25",Online,"Very good",-26.03,-21.55,7505,4406,120,,,translate,300Mbps,300Mbps,,,,"2026-03-11 09:33:07"
HWTC7D36B45D,gpon,HWTC7D36B45D,HG8310M,fromero2,"Villa Dolores 2",2,7,24,Zone,,,,,,Bridging,,,,,,,,,"Not supported by ONU-Type",Enabled,"2023-09-29 10:44:40",Online,"Very good",-26.2,-22.67,7473,4546,120,,,translate,300Mbps,300Mbps,,,,"2026-03-30 20:34:57"
HWTC7D359C5D,gpon,HWTC7D359C5D,HG8310M,sramos,"Villa Dolores 2",2,7,26,Zone,,,,,,Bridging,,,,,,,,,"Not supported by ONU-Type",Enabled,"2023-10-10 17:38:14",Online,"Very good",-25.09,-21.61,7133,3015,120,,,translate,300Mbps,300Mbps,,,,"2026-03-11 09:33:07"
HWTC7D26BB5D,gpon,HWTC7D26BB5D,HG8310M,smurua,"Villa Dolores 2",2,7,28,Zone,,,,,,Bridging,,,,,,,,,"Not supported by ONU-Type",Enabled,"2023-10-27 10:19:40",Online,"Very good",-25.23,-22.14,7084,3556,120,,,translate,300Mbps,300Mbps,,,,"2026-03-11 09:33:07"
HWTC7DB3785D,gpon,HWTC7DB3785D,HG8310M,fbertarelli,"Villa Dolores 2",2,7,29,Zone,,,,,,Bridging,,,,,,,,,"Not supported by ONU-Type",Enabled,"2023-11-14 17:39:19",Online,"Very good",-27.7,-24.31,7333,3636,120,,,translate,1G,1G,,,,"2026-04-12 17:45:14"
HWTC7D3FD05D,gpon,HWTC7D3FD05D,HG8310M,spereyra6,"Villa Dolores 2",2,7,30,Zone,,,,,,Bridging,,,,,,,,,"Not supported by ONU-Type",Enabled,"2023-12-22 18:22:58",Online,Warning,-30.46,-26.02,7740,5187,120,,,translate,300Mbps,300Mbps,,,,"2026-03-11 09:33:07"
TPLG8BDDE2FD,gpon,TPLG8BDDE2FD,TX-6610,maolmos,"Villa Dolores 2",2,7,38,Zone,,,,,,Bridging,,,,,,,,,Enabled,Enabled,"2025-02-01 10:54:08",Online,"Very good",-26.39,-23.37,7553,5212,120,,,translate,300Mbps,300Mbps,,,,"2026-03-17 12:37:26"
HWTC22ED5F9B,gpon,HWTC22ED5F9B,IC425ETB,jramaya,"Villa Dolores 2",2,7,60,Zone,,,,,,Bridging,,,,,,,,,Enabled,Enabled,"2026-03-30 17:56:22",Online,"Very good",-26.78,-22.67,7178,893,120,,,translate,300Mbps,300Mbps,,,,"2026-03-31 08:49:00"
HWTC23308F9B,gpon,HWTC23308F9B,IC425ETB,soviedo1,"Villa Dolores 2",2,8,0,Zone,,,,,,Bridging,,,,,,,,,Enabled,Enabled,"2023-08-28 11:42:57",Online,"Very good",-28.87,-26.19,6253,5384,120,,,translate,300Mbps,300Mbps,,,,"2026-03-25 23:02:17"
HWTC22F4EF9B,gpon,HWTC22F4EF9B,IC425ETB,dcastro,"Villa Dolores 2",2,8,5,Zone,,,,,,Bridging,,,,,,,,,Enabled,Enabled,"2023-08-29 09:33:26",Online,"Very good",-26.58,-22.07,6447,2070,120,,,translate,300Mbps,300Mbps,,,,"2026-03-12 09:47:38"
HWTC22F79F9B,gpon,HWTC22F79F9B,IC425ETB,iarguello,"Villa Dolores 2",2,8,7,Zone,,,,,,Bridging,,,,,,,,,Enabled,Enabled,"2023-08-29 10:12:27",Online,"Very good",-25.53,-20.36,6282,3867,120,,,translate,300Mbps,300Mbps,,,,"2026-03-31 14:35:36"
HWTC22F4FF9B,gpon,HWTC22F4FF9B,IC425ETB,marriola,"Villa Dolores 2",2,8,8,Zone,,,,,,Bridging,,,,,,,,,Enabled,Enabled,"2023-08-29 11:01:00",Online,"Very good",-25.86,-22.52,6263,2567,120,,,translate,300Mbps,300Mbps,,,,"2026-03-12 09:47:38"
TPLGE31A99FF,gpon,TPLGE31A99FF,TX-6610,rapereyra,"Villa Dolores 2",2,8,9,Zone,,,,,,Bridging,,,,,,,,,Enabled,Enabled,"2024-11-01 19:09:19",Online,"Very good",-28.54,-27.44,6756,3620,140,,,translate,1G,1G,,,,"2026-03-11 09:33:07"
HWTC232FCF9B,gpon,HWTC232FCF9B,IC425ETB,eysuarez,"Villa Dolores 2",2,8,11,Zone,,,,,,Bridging,,,,,,,,,Enabled,Enabled,"2023-08-29 12:12:17",Online,"Very good",-28.87,-23.98,6860,4333,120,,,translate,300Mbps,300Mbps,,,,"2026-03-11 09:33:07"
HWTC22FA3F9B,gpon,HWTC22FA3F9B,IC425ETB,abustos2,"Villa Dolores 2",2,8,13,Zone,,,,,,Bridging,,,,,,,,,Enabled,Enabled,"2023-08-29 17:02:28",Online,"Very good",-27.22,-24.43,6221,2815,120,,,translate,300Mbps,300Mbps,,,,"2026-03-26 14:02:54"
HWTC22FAEF9B,gpon,HWTC22FAEF9B,IC425ETB,llopez4,"Villa Dolores 2",2,8,14,Zone,,,,,,Bridging,,,,,,,,,Enabled,Enabled,"2023-08-29 17:04:45",Online,"Very good",-26.58,-21.25,6768,1994,120,,,translate,300Mbps,300Mbps,,,,"2026-04-08 16:08:56"
HWTC22F7FF9B,gpon,HWTC22F7FF9B,IC425ETB,gaventre,"Villa Dolores 2",2,8,15,Zone,,,,,,Bridging,,,,,,,,,Enabled,Enabled,"2023-08-29 18:31:49",Online,"Very good",-24.69,-20.97,6734,887,120,,,translate,300Mbps,300Mbps,,,,"2026-04-03 19:20:44"
HWTC22F2FF9B,gpon,HWTC22F2FF9B,IC425ETB,poviedo,"Villa Dolores 2",2,8,17,Zone,,,,,,Bridging,,,,,,,,,Enabled,Enabled,"2023-08-30 16:43:17",Online,"Very good",-28.24,-23.87,6733,3024,120,,,translate,300Mbps,300Mbps,,,,"2026-04-13 17:49:24"
HWTC22F8CF9B,gpon,HWTC22F8CF9B,IC425ETB,fagil,"Villa Dolores 2",2,8,19,Zone,,,,,,Bridging,,,,,,,,,Enabled,Enabled,"2024-04-23 09:54:14",Online,"Very good",-28.54,-24.56,6247,2755,120,,,translate,300Mbps,300Mbps,,,,"2026-03-28 10:15:34"
HWTC22F75F9B,gpon,HWTC22F75F9B,IC425ETB,jalvarez,"Villa Dolores 2",2,8,22,Zone,,,,,,Bridging,,,,,,,,,Enabled,Enabled,"2023-08-31 17:36:11",Online,"Very good",-25.69,-21.08,6548,2360,120,,,translate,300Mbps,300Mbps,,,,"2026-04-13 20:22:41"
HWTC22FAFF9B,gpon,HWTC22FAFF9B,IC425ETB,rsebastianick,"Villa Dolores 2",2,8,23,Zone,,,,,,Bridging,,,,,,,,,Enabled,Enabled,"2023-08-31 18:01:06",Online,"Very good",-26.03,-17.64,6779,4449,120,,,translate,300Mbps,300Mbps,,,,"2026-03-11 09:33:07"
HWTC22D81F9B,gpon,HWTC22D81F9B,IC425ETB,jlromero2,"Villa Dolores 2",2,8,24,Zone,,,,,,Bridging,,,,,,,,,Enabled,Enabled,"2023-08-31 18:12:16",Online,"Very good",-24.69,-21.74,6720,3715,120,,,translate,300Mbps,300Mbps,,,,"2026-03-23 14:54:42"
HWTC2301BF9B,gpon,HWTC2301BF9B,IC425ETB,scejas,"Villa Dolores 2",2,8,25,Zone,,,,,,Bridging,,,,,,,,,Enabled,Enabled,"2023-08-31 18:12:45",Online,"Very good",-24.69,-20.81,6781,2818,120,,,translate,300Mbps,300Mbps,,,,"2026-03-11 09:33:07"
HWTC22E07F9B,gpon,HWTC22E07F9B,IC425ETB,ncastillo,"Villa Dolores 2",2,8,26,Zone,,,,,,Bridging,,,,,,,,,Enabled,Enabled,"2023-08-31 18:24:31",Online,"Very good",-25.09,-19.95,6838,4948,120,,,translate,300Mbps,300Mbps,,,,"2026-04-16 19:29:14"
HWTC7D26C65D,gpon,HWTC7D26C65D,HG8310M,moyola2,"Villa Dolores 2",2,8,28,Zone,,,,,,Bridging,,,,,,,,,"Not supported by ONU-Type",Enabled,"2023-09-11 16:19:51",Online,"Very good",-26.58,-23.18,6280,5137,120,,,translate,300Mbps,300Mbps,,,,"2026-04-15 20:53:59"
HWTC4845DE93,gpon,HWTC4845DE93,HG8310M,mluppini,"Villa Dolores 2",2,8,29,Zone,,,,,,Bridging,,,,,,,,,"Not supported by ONU-Type",Enabled,"2023-09-11 17:02:17",Online,"Very good",-25.38,-20.45,6822,4908,120,,,translate,300Mbps,300Mbps,,,,"2026-03-11 09:33:07"
HWTC7D60C05D,gpon,HWTC7D60C05D,HG8310M,vlopez3,"Villa Dolores 2",2,8,30,Zone,,,,,,Bridging,,,,,,,,,"Not supported by ONU-Type",Enabled,"2023-09-11 18:05:34",Online,"Very good",-26.2,-23.1,6795,5325,120,,,translate,300Mbps,300Mbps,,,,"2026-03-26 15:12:05"
HWTC5977E38C,gpon,HWTC5977E38C,HG8310M,wreynoso,"Villa Dolores 2",2,8,34,Zone,,,,,,Bridging,,,,,,,,,"Not supported by ONU-Type",Enabled,"2023-09-20 18:17:34",Online,"Very good",-28.54,-26.38,6905,4446,120,,,translate,300Mbps,300Mbps,,,,"2026-03-11 09:33:07"
TPLG8BDDE814,gpon,TPLG8BDDE814,TX-6610,acordero,"Villa Dolores 2",2,8,36,Zone,,,,,,Bridging,,,,,,,,,Enabled,Enabled,"2025-11-06 09:11:13",Online,"Very good",-26.99,-23.56,6713,1830,120,,,translate,300Mbps,300Mbps,,,,"2026-03-28 11:37:15"
HWTC7D18745D,gpon,HWTC7D18745D,HG8310M,mabenitez2,"Villa Dolores 2",2,8,39,Zone,,,,,,Bridging,,,,,,,,,"Not supported by ONU-Type",Enabled,"2024-11-21 11:59:06",Online,"Very good",-27.7,-24.95,6781,5587,120,,,translate,1G,1G,,,,"2026-04-02 17:01:50"
HWTC48408A93,gpon,HWTC48408A93,HG8310M,mvillarreal,"Villa Dolores 2",2,8,44,Zone,,,,,,Bridging,,,,,,,,,"Not supported by ONU-Type",Enabled,"2024-02-16 17:14:35",Online,"Very good",-26.2,-21.61,6352,5420,120,,,translate,300Mbps,300Mbps,,,,"2026-03-12 09:47:38"
HWTC234B9F9B,gpon,HWTC234B9F9B,IC425ETB,jrzarate,"Villa Dolores 2",2,8,47,Zone,,,,,,Bridging,,,,,,,,,Enabled,Enabled,"2024-03-27 09:48:43",Online,"Very good",-28.87,-27.96,6916,3782,120,,,translate,300Mbps,300Mbps,,,,"2026-04-07 08:45:25"
HWTC22CCAF9B,gpon,HWTC22CCAF9B,IC425ETB,nsmrobledo,"Villa Dolores 2",2,8,51,Zone,,,,,,Bridging,,,,,,,,,Enabled,Enabled,"2024-08-08 16:16:56",Online,"Very good",-25.23,-21.67,6602,3235,120,,,translate,300Mbps,300Mbps,,,,"2026-03-17 23:01:18"
HWTC7D98625D,gpon,HWTC7D98625D,HG8310M,fgonzales,"Villa Dolores 2",2,9,0,Zone,,,,,,Bridging,,,,,,,,,"Not supported by ONU-Type",Enabled,"2023-09-21 09:03:41",Online,"Very good",-28.54,-24.31,6377,4770,120,,,translate,300Mbps,300Mbps,,,,"2026-03-27 11:51:32"
HWTC7D74065D,gpon,HWTC7D74065D,HG8310M,mapereyra2,"Villa Dolores 2",2,9,1,Zone,,,,,,Bridging,,,,,,,,,"Not supported by ONU-Type",Enabled,"2023-09-21 09:53:42",Online,"Very good",-24.09,-20.86,6047,3173,120,,,translate,300Mbps,300Mbps,,,,"2026-04-12 16:57:02"
HWTC48A37A93,gpon,HWTC48A37A93,HG8310M,fcalderon1,"Villa Dolores 2",2,9,3,Zone,,,,,,Bridging,,,,,,,,,"Not supported by ONU-Type",Enabled,"2023-09-21 10:46:41",Online,"Very good",-27.7,-24.81,6233,3795,120,,,translate,300Mbps,300Mbps,,,,"2026-04-06 14:31:16"
HWTC595EAB8C,gpon,HWTC595EAB8C,HG8310M,lpereyra2,"Villa Dolores 2",2,9,4,Zone,,,,,,Bridging,,,,,,,,,"Not supported by ONU-Type",Enabled,"2023-09-21 11:10:45",Online,"Very good",-25.38,-22.92,6010,3529,120,,,translate,300Mbps,300Mbps,,,,"2026-04-11 15:22:25"
HWTC59250B8C,gpon,HWTC59250B8C,HG8310M,carojas,"Villa Dolores 2",2,9,5,Zone,,,,,,Bridging,,,,,,,,,"Not supported by ONU-Type",Enabled,"2023-09-21 11:37:57",Online,Warning,-30.97,-26.57,6236,4845,120,,,translate,300Mbps,300Mbps,,,,"2026-04-10 12:29:37"
HWTC7D3F7E5D,gpon,HWTC7D3F7E5D,HG8310M,gaguero,"Villa Dolores 2",2,9,6,Zone,,,,,,Bridging,,,,,,,,,"Not supported by ONU-Type",Enabled,"2023-09-21 16:46:07",Online,"Very good",-29.59,-28.24,6329,4184,120,,,translate,300Mbps,300Mbps,,,,"2026-03-12 09:47:38"
HWTC7D11A15D,gpon,HWTC7D11A15D,HG8310M,mbmelian,"Villa Dolores 2",2,9,8,Zone,,,,,,Bridging,,,,,,,,,"Not supported by ONU-Type",Enabled,"2023-09-22 10:42:58",Online,"Very good",-28.87,-24.43,6335,2057,120,,,translate,300Mbps,300Mbps,,,,"2026-04-16 10:54:14"
HWTC7D9D335D,gpon,HWTC7D9D335D,HG8310M,ijmoreno,"Villa Dolores 2",2,9,9,Zone,,,,,,Bridging,,,,,,,,,"Not supported by ONU-Type",Enabled,"2023-09-22 11:51:50",Online,"Very good",-28.54,-23.66,6378,4480,120,,,translate,300Mbps,300Mbps,,,,"2026-04-13 19:26:46"
HWTC7D99F65D,gpon,HWTC7D99F65D,HG8310M,abustos,"Villa Dolores 2",2,9,10,Zone,,,,,,Bridging,,,,,,,,,"Not supported by ONU-Type",Enabled,"2023-09-22 12:26:27",Online,"Very good",-23.77,-20.27,6663,3002,120,,,translate,300Mbps,300Mbps,,,,"2026-04-07 09:26:55"
HWTC7D87915D,gpon,HWTC7D87915D,HG8310M,druarte,"Villa Dolores 2",2,9,13,Zone,,,,,,Bridging,,,,,,,,,"Not supported by ONU-Type",Enabled,"2023-09-25 09:55:39",Online,"Very good",-25.53,-22.84,6615,4229,120,,,translate,300Mbps,300Mbps,,,,"2026-03-12 09:47:38"
HWTC7D4FB85D,gpon,HWTC7D4FB85D,HG8310M,hmorales,"Villa Dolores 2",2,9,14,Zone,,,,,,Bridging,,,,,,,,,"Not supported by ONU-Type",Enabled,"2023-09-25 10:36:19",Online,"Very good",-27.7,-26.99,6613,3582,120,,,translate,300Mbps,300Mbps,,,,"2026-04-02 13:55:25"
HWTC5977E98C,gpon,HWTC5977E98C,HG8310M,nsosa2,"Villa Dolores 2",2,9,16,Zone,,,,,,Bridging,,,,,,,,,"Not supported by ONU-Type",Enabled,"2023-09-25 18:28:43",Online,"Very good",-26.99,-23.28,6755,5235,120,,,translate,300Mbps,300Mbps,,,,"2026-04-07 15:20:52"
HWTC7D57BF5D,gpon,HWTC7D57BF5D,HG8310M,mromero5,"Villa Dolores 2",2,9,18,Zone,,,,,,Bridging,,,,,,,,,"Not supported by ONU-Type",Enabled,"2023-09-26 12:34:43",Online,"Very good",-27.45,-23.66,6757,3523,120,,,translate,300Mbps,300Mbps,,,,"2026-04-01 14:01:09"
HWTC4847D393,gpon,HWTC4847D393,HG8310M,rysasa,"Villa Dolores 2",2,9,20,Zone,,,,,,Bridging,,,,,,,,,"Not supported by ONU-Type",Enabled,"2023-09-26 18:48:40",Online,"Very good",-25.38,-22.75,6587,3759,120,,,translate,300Mbps,300Mbps,,,,"2026-03-12 09:47:38"
HWTC7D64E55D,gpon,HWTC7D64E55D,HG8310M,sferreyra,"Villa Dolores 2",2,9,28,Zone,,,,,,Bridging,,,,,,,,,"Not supported by ONU-Type",Enabled,"2023-09-29 10:58:47",Online,"Very good",-24.95,-22.59,6545,3462,120,,,translate,300Mbps,300Mbps,,,,"2026-04-09 23:25:46"
HWTC59296F8C,gpon,HWTC59296F8C,HG8310M,mortiz3,"Villa Dolores 2",2,9,30,Zone,,,,,,Bridging,,,,,,,,,"Not supported by ONU-Type",Enabled,"2023-10-03 09:12:13",Online,"Very good",-25.38,-20.65,6600,2953,120,,,translate,300Mbps,300Mbps,,,,"2026-03-12 09:47:38"
HWTC7D8E0D5D,gpon,HWTC7D8E0D5D,HG8310M,jlpereyra,"Villa Dolores 2",2,9,32,Zone,,,,,,Bridging,,,,,,,,,"Not supported by ONU-Type",Enabled,"2023-10-04 17:56:38",Online,"Very good",-24.09,-20.22,6129,3804,120,,,translate,300Mbps,300Mbps,,,,"2026-04-15 13:22:33"
TPLGB5E00042,gpon,TPLGB5E00042,TX-6610,alheredia,"Villa Dolores 2",2,9,33,Zone,,,,,,Bridging,,,,,,,,,Enabled,Enabled,"2025-03-20 12:00:45",Online,"Very good",-26.39,-21.48,6113,5777,120,,,translate,300Mbps,300Mbps,,,,"2026-03-12 09:47:38"
HWTC485E5093,gpon,HWTC485E5093,HG8310M,mbustos3,"Villa Dolores 2",2,9,36,Zone,,,,,,Bridging,,,,,,,,,"Not supported by ONU-Type",Enabled,"2023-10-12 16:09:21",Online,"Very good",-25.38,-20.97,6247,3487,120,,,translate,300Mbps,300Mbps,,,,"2026-03-26 17:23:09"
HWTC7D210A5D,gpon,HWTC7D210A5D,HG8310M,vochoa,"Villa Dolores 2",2,9,38,Zone,,,,,,Bridging,,,,,,,,,"Not supported by ONU-Type",Enabled,"2023-10-19 12:07:15",Online,"Very good",-23.88,-19.87,6474,4983,120,,,translate,300Mbps,300Mbps,,,,"2026-04-01 11:36:16"
HWTC23182F9B,gpon,HWTC23182F9B,IC425ETB,msperalta,"Villa Dolores 2",2,9,39,Zone,,,,,,Bridging,,,,,,,,,Enabled,Enabled,"2023-10-19 15:50:53",Online,"Very good",-25.23,-21.74,6556,2795,120,,,translate,300Mbps,300Mbps,,,,"2026-04-07 09:26:55"
HWTC7D13265D,gpon,HWTC7D13265D,HG8310M,mepalacio,"Villa Dolores 2",2,9,40,Zone,,,,,,Bridging,,,,,,,,,"Not supported by ONU-Type",Enabled,"2023-10-26 18:06:01",Online,"Very good",-24.44,-21.48,6428,4250,120,,,translate,300Mbps,300Mbps,,,,"2026-04-07 09:26:55"
HWTC7D18865D,gpon,HWTC7D18865D,HG8310M,rgomez2,"Villa Dolores 2",2,9,41,Zone,,,,,,Bridging,,,,,,,,,"Not supported by ONU-Type",Enabled,"2023-11-02 19:34:53",Online,"Very good",-24.82,-21.42,6561,4490,120,,,translate,300Mbps,300Mbps,,,,"2026-04-14 18:55:08"
TPLGB5DFFCE7,gpon,TPLGB5DFFCE7,EG8141A5,srolivera,"Villa Dolores 2",2,9,49,Zone,,,,,,Bridging,,,,,,,,,Enabled,Enabled,"2024-07-29 10:48:31",Online,"Very good",-26.03,-22.22,6207,2450,120,,,translate,300Mbps,300Mbps,,,,"2026-03-12 09:47:38"
TPLG8BDDDC10,gpon,TPLG8BDDDC10,TX-6610,jmolmos,"Villa Dolores 2",2,9,53,Zone,,,,,,Bridging,,,,,,,,,Enabled,Enabled,"2024-12-13 17:58:00",Online,"Very good",-28.24,-24.95,6219,534,120,,,translate,300Mbps,300Mbps,,,,"2026-04-01 20:50:21"
HWTC7D940B5D,gpon,HWTC7D940B5D,HG8310M,arvillarreal,"Villa Dolores 2",2,10,0,Zone,,,,,,Bridging,,,,,,,,,"Not supported by ONU-Type",Enabled,"2023-09-25 12:20:13",Online,"Very good",-24.95,-21.02,6814,3206,120,,,translate,300Mbps,300Mbps,,,,"2026-03-23 18:43:09"
HWTC7D7F7A5D,gpon,HWTC7D7F7A5D,HG8310M,jochoa1,"Villa Dolores 2",2,10,1,Zone,,,,,,Bridging,,,,,,,,,"Not supported by ONU-Type",Enabled,"2023-09-26 10:46:51",Online,"Very good",-26.2,-27.96,7036,4231,120,,,translate,300Mbps,300Mbps,,,,"2026-04-12 10:55:51"
HWTC7D30F35D,gpon,HWTC7D30F35D,HG8310M,poyola,"Villa Dolores 2",2,10,2,Zone,,,,,,Bridging,,,,,,,,,"Not supported by ONU-Type",Enabled,"2023-09-26 11:49:03",Online,"Very good",-24.69,-23.98,6840,2670,120,,,translate,300Mbps,300Mbps,,,,"2026-03-12 09:47:38"
HWTC7D23BA5D,gpon,HWTC7D23BA5D,HG8310M,lcuello,"Villa Dolores 2",2,10,3,Zone,,,,,,Bridging,,,,,,,,,"Not supported by ONU-Type",Enabled,"2023-09-26 16:24:22",Online,"Very good",-24.82,-21.3,6848,2712,120,,,translate,300Mbps,300Mbps,,,,"2026-03-14 18:56:14"
HWTC7D6BF85D,gpon,HWTC7D6BF85D,HG8310M,famaya1,"Villa Dolores 2",2,10,5,Zone,,,,,,Bridging,,,,,,,,,"Not supported by ONU-Type",Enabled,"2023-09-29 11:59:05",Online,"Very good",-27.22,-23.66,7409,3852,120,,,translate,300Mbps,300Mbps,,,,"2026-04-05 17:17:05"
HWTC48B7BA93,gpon,HWTC48B7BA93,HG8310M,azarandom,"Villa Dolores 2",2,10,7,Zone,,,,,,Bridging,,,,,,,,,"Not supported by ONU-Type",Enabled,"2023-09-29 12:42:43",Online,"Very good",-24.95,-22,7359,5301,120,,,translate,300Mbps,300Mbps,,,,"2026-04-05 17:17:05"
HWTC7DAC2D5D,gpon,HWTC7DAC2D5D,HG8310M,apereyra7,"Villa Dolores 2",2,10,9,Zone,,,,,,Bridging,,,,,,,,,"Not supported by ONU-Type",Enabled,"2023-10-02 12:05:10",Online,"Very good",-29.21,-25.85,7274,4979,120,,,translate,300Mbps,300Mbps,,,,"2026-04-05 17:17:05"
HWTC7D23955D,gpon,HWTC7D23955D,HG8310M,rcaballero,"Villa Dolores 2",2,10,10,Zone,,,,,,Bridging,,,,,,,,,"Not supported by ONU-Type",Enabled,"2023-10-03 09:40:41",Online,"Very good",-24.95,-21.8,7442,2970,120,,,translate,300Mbps,300Mbps,,,,"2026-04-02 06:04:17"
HWTC7D26E45D,gpon,HWTC7D26E45D,HG8310M,czarandon,"Villa Dolores 2",2,10,12,Zone,,,,,,Bridging,,,,,,,,,"Not supported by ONU-Type",Enabled,"2023-10-03 10:21:46",Online,"Very good",-27.96,-23.1,7312,5392,120,,,translate,300Mbps,300Mbps,,,,"2026-04-05 17:17:05"
HWTC48ACE093,gpon,HWTC48ACE093,HG8310M,glucero,"Villa Dolores 2",2,10,13,Zone,,,,,,Bridging,,,,,,,,,"Not supported by ONU-Type",Enabled,"2023-10-03 10:42:16",Online,"Very good",-27.22,-25.08,7437,2571,120,,,translate,300Mbps,300Mbps,,,,"2026-04-05 17:17:05"
HWTC7DB4995D,gpon,HWTC7DB4995D,HG8310M,disppasovirgen,"Villa Dolores 2",2,10,16,Zone,,,,,,Bridging,,,,,,,,,"Not supported by ONU-Type",Enabled,"2023-10-03 11:27:10",Online,"Very good",-26.2,-26.77,7413,270,120,,,translate,300Mbps,300Mbps,,,,"2026-04-05 17:17:05"
HWTC7D66805D,gpon,HWTC7D66805D,HG8310M,vchavez,"Villa Dolores 2",2,10,20,Zone,,,,,,Bridging,,,,,,,,,"Not supported by ONU-Type",Enabled,"2023-10-03 18:33:45",Online,"Very good",-25.53,-21.8,7511,5488,120,,,translate,300Mbps,300Mbps,,,,"2026-04-16 18:47:02"
HWTC7D8E5A5D,gpon,HWTC7D8E5A5D,HG8310M,mtorres5,"Villa Dolores 2",2,10,23,Zone,,,,,,Bridging,,,,,,,,,"Not supported by ONU-Type",Enabled,"2023-10-04 11:02:04",Online,"Very good",-26.03,-23.76,7452,2714,120,,,translate,300Mbps,300Mbps,,,,"2026-04-07 09:26:55"
HWTC7D6DB15D,gpon,HWTC7D6DB15D,HG8310M,mbravo2,"Villa Dolores 2",2,10,24,Zone,,,,,,Bridging,,,,,,,,,"Not supported by ONU-Type",Enabled,"2023-10-04 11:54:59",Online,"Very good",-25.09,-21.19,7394,656,120,,,translate,300Mbps,300Mbps,,,,"2026-04-05 17:17:05"
HWTC7D12355D,gpon,HWTC7D12355D,HG8310M,djsolis,"Villa Dolores 2",2,10,26,Zone,,,,,,Bridging,,,,,,,,,"Not supported by ONU-Type",Enabled,"2023-10-04 19:03:25",Online,"Very good",-26.39,-22.59,7440,5469,120,,,translate,300Mbps,300Mbps,,,,"2026-04-11 15:15:56"
HWTC7D3AF85D,gpon,HWTC7D3AF85D,HG8310M,naoviedo,"Villa Dolores 2",2,10,28,Zone,,,,,,Bridging,,,,,,,,,"Not supported by ONU-Type",Enabled,"2023-10-05 09:52:14",Online,"Very good",-26.03,-23.87,7561,2548,120,,,translate,300Mbps,300Mbps,,,,"2026-04-05 17:17:05"
HWTC59A5418C,gpon,HWTC59A5418C,HG8310M,mcmiranda,"Villa Dolores 2",2,10,30,Zone,,,,,,Bridging,,,,,,,,,"Not supported by ONU-Type",Enabled,"2023-10-05 16:09:33",Online,"Very good",-25.86,-23.56,7351,2107,120,,,translate,300Mbps,300Mbps,,,,"2026-04-13 06:59:08"
HWTC7D59455D,gpon,HWTC7D59455D,HG8310M,layan,"Villa Dolores 2",2,10,32,Zone,,,,,,Bridging,,,,,,,,,"Not supported by ONU-Type",Enabled,"2023-10-06 16:58:45",Online,"Very good",-28.54,-28.86,7424,3076,120,,,translate,300Mbps,300Mbps,,,,"2026-04-05 17:17:05"
HWTC23214F9B,gpon,HWTC23214F9B,IC425ETB,uligorria,"Villa Dolores 2",2,10,35,Zone,,,,,,Bridging,,,,,,,,,Enabled,Enabled,"2024-03-13 09:15:09",Online,"Very good",-25.86,-22,7464,2839,120,,,translate,300Mbps,300Mbps,,,,"2026-04-05 17:17:05"
HWTC7D79C25D,gpon,HWTC7D79C25D,HG8310M,carce,"Villa Dolores 2",2,10,37,Zone,,,,,,Bridging,,,,,,,,,"Not supported by ONU-Type",Enabled,"2023-10-13 11:50:19",Online,Warning,-30,-25.53,7422,3694,120,,,translate,300Mbps,300Mbps,,,,"2026-04-05 17:17:05"
HWTC7DB8AD5D,gpon,HWTC7DB8AD5D,HG8310M,rmoviedo,"Villa Dolores 2",2,10,38,Zone,,,,,,Bridging,,,,,,,,,"Not supported by ONU-Type",Enabled,"2023-10-17 11:48:30",Online,"Very good",-25.09,-21.94,7343,4573,120,,,translate,300Mbps,300Mbps,,,,"2026-04-15 10:07:51"
HWTC7DA5F25D,gpon,HWTC7DA5F25D,HG8310M,jpdominguez,"Villa Dolores 2",2,10,42,Zone,,,,,,Bridging,,,,,,,,,"Not supported by ONU-Type",Enabled,"2023-11-03 16:52:23",Online,"Very good",-26.2,-23.87,7470,4171,120,,,translate,300Mbps,300Mbps,,,,"2026-04-14 16:48:33"
TPLG8BDDDF53,gpon,TPLG8BDDDF53,TX-6610,opromero,"Villa Dolores 2",2,10,46,Zone,,,,,,Bridging,,,,,,,,,Enabled,Enabled,"2025-02-27 09:37:28",Online,"Very good",-27.22,-25.85,7683,3068,120,,,translate,300Mbps,300Mbps,,,,"2026-04-07 09:26:55"
TPLG8BDDE291,gpon,TPLG8BDDE291,TX-6610,sbarguello,"Villa Dolores 2",2,10,47,Zone,,,,,,Bridging,,,,,,,,,Enabled,Enabled,"2025-01-29 09:51:02",Online,Critical,-32.22,-30,7539,5358,120,,,translate,300Mbps,300Mbps,,,,"2026-04-16 14:40:31"
HWTC7D4A185D,gpon,HWTC7D4A185D,HG8310M,micalderon,"Villa Dolores 2",2,11,0,Zone,,,,,,Bridging,,,,,,,,,"Not supported by ONU-Type",Enabled,"2023-10-04 09:20:47",Online,"Very good",-26.03,-24.56,7583,4807,120,,,translate,300Mbps,300Mbps,,,,"2026-03-31 18:37:35"
HWTC7D2DE05D,gpon,HWTC7D2DE05D,HG8310M,moyola3,"Villa Dolores 2",2,11,9,Zone,,,,,,Bridging,,,,,,,,,"Not supported by ONU-Type",Enabled,"2023-10-06 12:34:48",Online,"Very good",-28.54,-25.37,7464,3403,120,,,translate,300Mbps,300Mbps,,,,"2026-04-01 08:03:41"
HWTC7D0E325D,gpon,HWTC7D0E325D,HG8310M,agarcia2,"Villa Dolores 2",2,11,13,Zone,,,,,,Bridging,,,,,,,,,"Not supported by ONU-Type",Enabled,"2023-10-11 09:19:26",Online,"Very good",-26.2,-23.18,7580,4639,120,,,translate,300Mbps,300Mbps,,,,"2026-04-07 09:26:55"
HWTC7D46AB5D,gpon,HWTC7D46AB5D,HG8310M,cacalderon,"Villa Dolores 2",2,11,15,Zone,,,,,,Bridging,,,,,,,,,"Not supported by ONU-Type",Enabled,"2023-10-23 13:03:12",Online,"Very good",-27.7,-26.02,7406,3192,120,,,translate,300Mbps,300Mbps,,,,"2026-03-31 18:37:35"
HWTC7D9D905D,gpon,HWTC7D9D905D,HG8310M,gcalderon,"Villa Dolores 2",2,11,17,Zone,,,,,,Bridging,,,,,,,,,"Not supported by ONU-Type",Enabled,"2024-02-14 09:40:41",Online,"Very good",-26.58,-22.59,7327,2530,120,,,translate,300Mbps,300Mbps,,,,"2026-04-06 13:22:05"
HWTC5D232391,gpon,HWTC5D232391,HG8010H,camsp,"Villa Dolores 2",2,11,25,Zone,,,,,,Bridging,,,,,,,,,"Not supported by ONU-Type",Enabled,"2024-11-25 12:52:54",Online,"Very good",-27.45,-23.76,7656,2640,500,,,translate,1G,1G,,,,"2026-03-31 18:37:35"
TPLG8BDDDEB4,gpon,TPLG8BDDDEB4,TX-6610,hjcarbajal,"Villa Dolores 2",2,11,29,Zone,,,,,,Bridging,,,,,,,,,Enabled,Enabled,"2024-12-11 19:03:39",Online,"Very good",-26.2,-22.36,7705,328,120,,,translate,300Mbps,300Mbps,,,,"2026-04-12 12:11:45"
HWTC22F72F9B,gpon,HWTC22F72F9B,IC425ETB,aortega1,"Villa Dolores 2",2,11,34,Zone,,,,,,Bridging,,,,,,,,,Enabled,Enabled,"2025-08-23 11:47:56",Online,"Very good",-22.08,-18.29,7947,2226,120,,,translate,300Mbps,300Mbps,,,,"2026-04-14 19:30:27"
TPLGE31A9AF2,gpon,TPLGE31A9AF2,EG8141A5,nfvera,"Villa Dolores 2",2,12,0,Zone,,,,,,Bridging,,,,,,,,,Enabled,Enabled,"2024-03-14 10:53:26",Online,"Very good",-25.69,-20.13,7674,5451,120,,,translate,300Mbps,300Mbps,,,,"2026-03-19 15:39:25"
HWTC7D59965D,gpon,HWTC7D59965D,HG8310M,malopez,"Villa Dolores 2",2,12,1,Zone,,,,,,Bridging,,,,,,,,,"Not supported by ONU-Type",Enabled,"2024-03-14 12:13:03",Online,Warning,-30.46,-27.96,7374,2890,120,,,translate,300Mbps,300Mbps,,,,"2026-03-12 09:47:38"
HWTC489B6E93,gpon,HWTC489B6E93,HG8310M,jjprado,"Villa Dolores 2",2,12,2,Zone,,,,,,Bridging,,,,,,,,,"Not supported by ONU-Type",Enabled,"2024-03-14 17:34:01",Online,"Very good",-25.53,-20.31,7498,3670,120,,,translate,300Mbps,300Mbps,,,,"2026-03-19 16:34:54"
TPLG8BDDE8B9,gpon,TPLG8BDDE8B9,EG8141A5,ceortiz,"Villa Dolores 2",2,12,3,Zone,,,,,,Bridging,,,,,,,,,Enabled,Enabled,"2024-08-01 08:44:34",Online,"Very good",-26.78,-20.6,7419,3596,120,,,translate,300Mbps,300Mbps,,,,"2026-04-15 11:23:08"
HWTC22F52F9B,gpon,HWTC22F52F9B,IC425ETB,avera2,"Villa Dolores 2",2,12,4,Zone,,,,,,Bridging,,,,,,,,,Enabled,Enabled,"2024-03-18 12:17:12",Online,"Very good",-26.99,-23.66,7528,3722,120,,,translate,300Mbps,300Mbps,,,,"2026-03-19 15:39:25"
HWTC7D6F8E5D,gpon,HWTC7D6F8E5D,HG8310M,senrico,"Villa Dolores 2",2,12,5,Zone,,,,,,Bridging,,,,,,,,,"Not supported by ONU-Type",Enabled,"2024-03-18 18:37:20",Online,"Very good",-26.78,-20.97,7283,2909,120,,,translate,300Mbps,300Mbps,,,,"2026-03-12 09:47:38"
HWTC7D20A65D,gpon,HWTC7D20A65D,HG8310M,mframos,"Villa Dolores 2",2,12,6,Zone,,,,,,Bridging,,,,,,,,,"Not supported by ONU-Type",Enabled,"2024-03-18 19:59:17",Online,"Very good",-25.86,-21.36,7551,2545,120,,,translate,300Mbps,300Mbps,,,,"2026-03-19 20:02:52"
HWTC7D315D5D,gpon,HWTC7D315D5D,HG8310M,doprado,"Villa Dolores 2",2,12,7,Zone,,,,,,Bridging,,,,,,,,,"Not supported by ONU-Type",Enabled,"2024-05-09 09:56:51",Online,"Very good",-27.7,-22.14,7405,5425,120,,,translate,300Mbps,300Mbps,,,,"2026-03-12 12:41:19"
HWTC22DB4F9B,gpon,HWTC22DB4F9B,IC425ETB,oavrito,"Villa Dolores 2",2,12,8,Zone,,,,,,Bridging,,,,,,,,,Enabled,Enabled,"2024-03-20 10:38:00",Online,"Very good",-26.99,-23.98,7599,5148,120,,,translate,300Mbps,300Mbps,,,,"2026-03-19 15:39:25"
HWTC233B8F9B,gpon,HWTC233B8F9B,IC425ETB,mdrmelian,"Villa Dolores 2",2,12,9,Zone,,,,,,Bridging,,,,,,,,,Enabled,Enabled,"2024-03-20 18:52:39",Online,"Very good",-25.38,-20.17,7605,2785,120,,,translate,300Mbps,300Mbps,,,,"2026-04-14 11:04:52"
HWTC234E6F9B,gpon,HWTC234E6F9B,IC425ETB,yvrito,"Villa Dolores 2",2,12,10,Zone,,,,,,Bridging,,,,,,,,,Enabled,Enabled,"2024-03-20 20:01:51",Online,"Very good",-27.22,-17.12,7550,4630,120,,,translate,300Mbps,300Mbps,,,,"2026-03-19 15:39:25"
HWTC22F8AF9B,gpon,HWTC22F8AF9B,IC425ETB,miflores,"Villa Dolores 2",2,12,11,Zone,,,,,,Bridging,,,,,,,,,Enabled,Enabled,"2024-03-21 17:43:50",Online,"Very good",-25.69,-20.04,7686,3224,120,,,translate,300Mbps,300Mbps,,,,"2026-03-19 15:39:25"
HWTC232E9F9B,gpon,HWTC232E9F9B,IC425ETB,rvera,"Villa Dolores 2",2,12,13,Zone,,,,,,Bridging,,,,,,,,,Enabled,Enabled,"2024-03-25 09:23:31",Online,"Very good",-26.99,-21.94,7549,4227,120,,,translate,300Mbps,300Mbps,,,,"2026-03-19 15:39:25"
HWTC22DB9F9B,gpon,HWTC22DB9F9B,IC425ETB,fvera,"Villa Dolores 2",2,12,14,Zone,,,,,,Bridging,,,,,,,,,Enabled,Enabled,"2024-03-25 10:39:38",Online,"Very good",-25.23,-20.36,7570,2899,120,,,translate,300Mbps,300Mbps,,,,"2026-04-07 21:28:47"
HWTC22D02F9B,gpon,HWTC22D02F9B,IC425ETB,cbequis2,"Villa Dolores 2",2,12,16,Zone,,,,,,Bridging,,,,,,,,,Enabled,Enabled,"2024-03-26 18:53:59",Online,"Very good",-28.54,-26.02,7465,2692,120,,,translate,300Mbps,300Mbps,,,,"2026-03-12 09:47:38"
HWTC22DF2F9B,gpon,HWTC22DF2F9B,IC425ETB,naltamirano,"Villa Dolores 2",2,12,17,Zone,,,,,,Bridging,,,,,,,,,Enabled,Enabled,"2024-04-18 17:25:11",Online,"Very good",-23.02,-19.91,7565,3968,120,,,translate,300Mbps,300Mbps,,,,"2026-03-19 15:39:25"
TPLG8BDDE7A8,gpon,TPLG8BDDE7A8,EG8141A5,szarate1,"Villa Dolores 2",2,12,19,Zone,,,,,,Bridging,,,,,,,,,Enabled,Enabled,"2024-05-16 18:14:44",Online,"Very good",-28.54,-24.56,7506,177,120,,,translate,300Mbps,300Mbps,,,,"2026-03-12 09:47:38"
HWTC7DABE95D,gpon,HWTC7DABE95D,HG8310M,jdsuarez,"Villa Dolores 2",2,12,21,Zone,,,,,,Bridging,,,,,,,,,"Not supported by ONU-Type",Enabled,"2024-07-17 15:50:39",Online,"Very good",-26.99,-22.22,7524,258,120,,,translate,300Mbps,300Mbps,,,,"2026-03-12 09:47:38"
TPLGB5E002DC,gpon,TPLGB5E002DC,EG8141A5,loviedo5,"Villa Dolores 2",2,12,23,Zone,,,,,,Bridging,,,,,,,,,Enabled,Enabled,"2024-08-13 16:48:00",Online,"Very good",-28.54,-23.98,7573,3884,120,,,translate,300Mbps,300Mbps,,,,"2026-04-02 23:30:02"
TPLGB5DFFDA7,gpon,TPLGB5DFFDA7,EG8141A5,mcsuarez,"Villa Dolores 2",2,12,26,Zone,,,,,,Bridging,,,,,,,,,Enabled,Enabled,"2024-08-14 16:15:03",Online,"Very good",-26.78,-22.84,7533,5086,120,,,translate,300Mbps,300Mbps,,,,"2026-03-26 14:30:22"
TPLGB5E00288,gpon,TPLGB5E00288,TX-6610,mlsanchez,"Villa Dolores 2",2,12,31,Zone,,,,,,Bridging,,,,,,,,,Enabled,Enabled,"2024-11-12 19:27:52",Online,"Very good",-27.7,-21.48,7344,4108,120,,,translate,300Mbps,300Mbps,,,,"2026-03-12 09:47:38"
TPLGB5DFFD22,gpon,TPLGB5DFFD22,TX-6610,mpgonzalez3,"Villa Dolores 2",2,13,2,Zone,,,,,,Bridging,,,,,,,,,Enabled,Enabled,"2024-11-22 18:54:28",Online,"Very good",-26.39,-22.36,3677,4922,120,,,translate,300Mbps,300Mbps,,,,"2026-04-16 09:50:00"
TPLGE31A9D68,gpon,TPLGE31A9D68,TX-6610,bvera,"Villa Dolores 2",2,13,3,Zone,,,,,,Bridging,,,,,,,,,Enabled,Enabled,"2024-11-22 12:37:07",Online,"Very good",-26.58,-22.75,3529,1398,120,,,translate,300Mbps,300Mbps,,,,"2026-04-02 10:27:24"
TPLG8BDDE97E,gpon,TPLG8BDDE97E,TX-6610,rbesso,"Villa Dolores 2",2,13,8,Zone,,,,,,Bridging,,,,,,,,,Enabled,Enabled,"2024-12-19 12:08:30",Online,Warning,-30,-25.37,3897,1367,120,,,translate,300Mbps,300Mbps,,,,"2026-03-05 08:11:21"
TPLGE31A9D5A,gpon,TPLGE31A9D5A,TX-6610,mamolina,"Villa Dolores 2",2,13,11,Zone,,,,,,Bridging,,,,,,,,,Enabled,Enabled,"2025-02-05 19:51:02",Online,"Very good",-22.76,-20.13,3365,4306,120,,,translate,300Mbps,300Mbps,,,,"2026-03-05 08:11:21"
TPLG8BDDDF5E,gpon,TPLG8BDDDF5E,TX-6610,lsalinas,"Villa Dolores 2",2,13,12,Zone,,,,,,Bridging,,,,,,,,,Enabled,Enabled,"2025-02-07 19:13:07",Online,"Very good",-26.03,-22.07,3438,5628,120,,,translate,300Mbps,300Mbps,,,,"2026-03-27 19:42:27"
TPLGB5DFFD20,gpon,TPLGB5DFFD20,TX-6610,emercado2,"Villa Dolores 2",2,14,0,Zone,,,,,,Bridging,,,,,,,,,Enabled,Enabled,"2024-12-02 09:06:13",Online,"Very good",-28.87,-27.96,3749,4768,120,,,translate,300Mbps,300Mbps,,,,"2026-03-31 16:32:47"
TPLG8BDDE704,gpon,TPLG8BDDE704,TX-6610,fantonelli,"Villa Dolores 2",2,14,1,Zone,,,,,,Bridging,,,,,,,,,Enabled,Enabled,"2024-12-02 09:47:00",Online,"Very good",-27.96,-26.77,3708,1389,120,,,translate,300Mbps,300Mbps,,,,"2026-04-14 19:58:49"
TPLGB5E00113,gpon,TPLGB5E00113,TX-6610,morioni1,"Villa Dolores 2",2,14,4,Zone,,,,,,Bridging,,,,,,,,,Enabled,Enabled,"2024-12-03 10:48:52",Online,"Very good",-28.54,-26.99,3702,5752,120,,,translate,300Mbps,300Mbps,,,,"2026-04-16 19:01:04"
TPLGB5E002DD,gpon,TPLGB5E002DD,TX-6610,bagardini,"Villa Dolores 2",2,14,5,Zone,,,,,,Bridging,,,,,,,,,Enabled,Enabled,"2024-12-03 17:49:21",Online,"Very good",-25.09,-23.28,3248,5459,120,,,translate,300Mbps,300Mbps,,,,"2026-03-18 12:52:02"
TPLGE31A9BB0,gpon,TPLGE31A9BB0,TX-6610,anasif1,"Villa Dolores 2",2,14,6,Zone,,,,,,Bridging,,,,,,,,,Enabled,Enabled,"2024-12-03 19:37:11",Online,"Very good",-28.54,-28.24,3753,3631,120,,,translate,300Mbps,300Mbps,,,,"2026-03-05 08:11:21"
TPLG8BDDE4E3,gpon,TPLG8BDDE4E3,TX-6610,ihroveres,"Villa Dolores 2",2,14,7,Zone,,,,,,Bridging,,,,,,,,,Enabled,Enabled,"2024-12-04 17:26:47",Online,Warning,-30,-27.96,3700,881,120,,,translate,300Mbps,300Mbps,,,,"2026-03-05 08:11:21"
HWTC233CEF9B,gpon,HWTC233CEF9B,IC425ETB,ghpereyra,"Villa Dolores 2",2,14,9,Zone,,,,,,Bridging,,,,,,,,,Enabled,Enabled,"2024-12-06 09:55:55",Online,"Very good",-24.95,-20.31,3905,3215,120,,,translate,300Mbps,300Mbps,,,,"2026-02-03 16:31:12"
TPLG8BDDE816,gpon,TPLG8BDDE816,TX-6610,nherrera,"Villa Dolores 2",2,14,14,Zone,,,,,,Bridging,,,,,,,,,Enabled,Enabled,"2025-01-14 10:21:00",Online,"Very good",-26.39,-23.98,3549,5027,120,,,translate,300Mbps,300Mbps,,,,"2026-03-07 18:44:21"
TPLG8BDDDCA3,gpon,TPLG8BDDDCA3,TX-6610,jmdrosa,"Villa Dolores 2",2,14,15,Zone,,,,,,Bridging,,,,,,,,,Enabled,Enabled,"2025-01-22 20:33:26",Online,"Very good",-26.03,-20.36,3325,2882,120,,,translate,300Mbps,300Mbps,,,,"2026-03-05 08:11:21"
HWTC22E08F9B,gpon,HWTC22E08F9B,IC425ETB,nvsromero,"Villa Dolores 2",2,14,19,Zone,,,,,,Bridging,,,,,,,,,Enabled,Enabled,"2025-04-02 11:12:28",Online,"Very good",-26.39,-21.94,6236,3161,200,,,translate,300Mbps,300Mbps,,,,"2026-04-03 17:29:57"
HWTC482C8F93,gpon,HWTC482C8F93,HG8310M,mchena1,"Villa Dolores 2",2,15,2,Zone,,,,,,Bridging,,,,,,,,,"Not supported by ONU-Type",Enabled,"2025-01-21 18:10:18",Online,"Very good",-28.87,-24.43,9090,3318,120,,,translate,1G,1G,,,,"2026-04-04 18:33:40"
TPLG8BDDDE73,gpon,TPLG8BDDDE73,TX-6610,alvillarreal,"Villa Dolores 2",2,15,3,Zone,,,,,,Bridging,,,,,,,,,Enabled,Enabled,"2025-01-24 12:28:20",Online,"Very good",-29.21,-24.09,9879,242,120,,,translate,1G,1G,,,,"2026-04-07 17:11:40"
TPLGE31A9BEB,gpon,TPLGE31A9BEB,TX-6610,daltamirano4,"Villa Dolores 2",2,15,4,Zone,,,,,,Bridging,,,,,,,,,Enabled,Enabled,"2025-01-30 12:30:35",Online,"Very good",-28.87,-23.28,9915,5233,120,,,translate,300Mbps,300Mbps,,,,"2026-04-14 19:23:17"
TPLGE31A9BF3,gpon,TPLGE31A9BF3,TX-6610,rmolmedo,"Villa Dolores 2",2,15,6,Zone,,,,,,Bridging,,,,,,,,,Enabled,Enabled,"2025-02-05 09:59:44",Online,"Very good",-28.54,-24.09,9349,5363,120,,,translate,300Mbps,300Mbps,,,,"2026-03-11 12:19:18"
HWTC2EE7FB5F,gpon,HWTC2EE7FB5F,HG8240H,nrossi,"Villa Dolores 2",2,15,8,Zone,,,,,,Bridging,,,,,,,,,"Not supported by ONU-Type",Enabled,"2025-02-05 12:15:34",Online,Critical,-33.98,-27.21,9129,141,140,,,translate,300Mbps,300Mbps,,,,"2026-04-16 11:57:19"
,,HWTC2EE7FB5F,,,,,,,,,,,,,,,,,,,,,,,,,,,,,,,2835,100,,,translate,300Mbps,300Mbps
TPLGE31A99A5,gpon,TPLGE31A99A5,TX-6610,neayarzabal,"Villa Dolores 2",2,15,10,Zone,,,,,,Bridging,,,,,,,,,Enabled,Enabled,"2025-02-05 19:21:49",Online,"Very good",-29.59,-25.68,9309,81,120,,,translate,300Mbps,300Mbps,,,,"2026-04-07 20:39:47"
TPLGE31A9D69,gpon,TPLGE31A9D69,TX-6610,mcortiz,"Villa Dolores 2",2,15,11,Zone,,,,,,Bridging,,,,,,,,,Enabled,Enabled,"2025-02-05 19:49:44",Online,"Very good",-27.7,-23.76,8280,3184,120,,,translate,300Mbps,300Mbps,,,,"2026-04-14 17:30:37"
TPLGE31A99D1,gpon,TPLGE31A99D1,TX-6610,ietcheverry,"Villa Dolores 2",2,15,12,Zone,,,,,,Bridging,,,,,,,,,Enabled,Enabled,"2025-02-06 08:55:15",Online,"Very good",-29.59,-23.28,9438,5719,120,,,translate,300Mbps,300Mbps,,,,"2026-03-11 12:19:18"
TPLG8BDDE0C0,gpon,TPLG8BDDE0C0,TX-6610,gfrodriguez,"Villa Dolores 2",2,15,13,Zone,,,,,,Bridging,,,,,,,,,Enabled,Enabled,"2025-02-06 09:14:18",Online,Critical,-35.23,-27.69,9349,2332,120,,,translate,300Mbps,300Mbps,,,,"2026-04-06 17:39:22"
TPLGE31A989E,gpon,TPLGE31A989E,TX-6610,cjacosta,"Villa Dolores 2",2,15,14,Zone,,,,,,Bridging,,,,,,,,,Enabled,Enabled,"2025-02-06 09:45:13",Online,"Very good",-28.87,-23.1,9323,1771,120,,,translate,300Mbps,300Mbps,,,,"2026-04-14 01:44:56"
TPLGE31A99D3,gpon,TPLGE31A99D3,TX-6610,alpino,"Villa Dolores 2",2,15,16,Zone,,,,,,Bridging,,,,,,,,,Enabled,Enabled,"2025-02-06 12:10:28",Online,"Very good",-28.24,,9859,5566,120,,,translate,300Mbps,300Mbps,,,,"2026-04-16 14:54:17"
TPLGE31A9D6D,gpon,TPLGE31A9D6D,TX-6610,nhormaeche,"Villa Dolores 2",2,15,17,Zone,,,,,,Bridging,,,,,,,,,Enabled,Enabled,"2025-02-06 18:11:20",Online,Warning,-30.97,,10016,582,120,,,translate,300Mbps,300Mbps,,,,"2026-04-16 15:28:56"
TPLGE31A9BAB,gpon,TPLGE31A9BAB,TX-6610,mysuarez,"Villa Dolores 2",2,15,18,Zone,,,,,,Bridging,,,,,,,,,Enabled,Enabled,"2025-02-06 19:04:53",Online,"Very good",-28.87,-24.68,10002,3104,120,,,translate,300Mbps,300Mbps,,,,"2026-04-14 17:52:32"
TPLGE31A9BB3,gpon,TPLGE31A9BB3,TX-6610,croballo,"Villa Dolores 2",2,15,20,Zone,,,,,,Bridging,,,,,,,,,Enabled,Enabled,"2025-02-07 12:21:37",Online,Warning,-30,-27.21,8508,4116,120,,,translate,300Mbps,300Mbps,,,,"2026-03-11 12:19:18"
TPLGE31A9D59,gpon,TPLGE31A9D59,TX-6610,fnguzman,"Villa Dolores 2",2,15,21,Zone,,,,,,Bridging,,,,,,,,,Enabled,Enabled,"2025-02-07 10:58:44",Online,Critical,-32.22,-25.53,8564,2872,120,,,translate,1G,1G,,,,"2026-04-04 09:11:39"
TPLG8BDDE1CF,gpon,TPLG8BDDE1CF,TX-6610,mortiz,"Villa Dolores 2",2,15,22,Zone,,,,,,Bridging,,,,,,,,,Enabled,Enabled,"2025-02-07 10:59:34",Online,Warning,-30.46,-24.43,8568,570,120,,,translate,1G,1G,,,,"2026-04-06 15:47:58"
TPLGE31A985C,gpon,TPLGE31A985C,TX-6610,mbenite,"Villa Dolores 2",2,15,23,Zone,,,,,,Bridging,,,,,,,,,Enabled,Enabled,"2025-02-07 11:47:47",Online,Warning,-30.97,-25.08,9680,5878,120,,,translate,300Mbps,300Mbps,,,,"2026-04-07 17:11:40"
TPLGE31A9BAA,gpon,TPLGE31A9BAA,TX-6610,mlrodriguez,"Villa Dolores 2",2,15,24,Zone,,,,,,Bridging,,,,,,,,,Enabled,Enabled,"2025-02-07 12:24:02",Online,"Very good",-28.54,-24.09,8586,3998,120,,,translate,300Mbps,300Mbps,,,,"2026-04-12 19:22:40"
TPLG8BDDE0C3,gpon,TPLG8BDDE0C3,TX-6610,apardini,"Villa Dolores 2",2,15,26,Zone,,,,,,Bridging,,,,,,,,,Enabled,Enabled,"2025-02-10 09:00:20",Online,"Very good",-28.87,-23.56,8546,2008,120,,,translate,300Mbps,300Mbps,,,,"2026-03-11 12:26:49"
TPLGE31A9BB8,gpon,TPLGE31A9BB8,TX-6610,npereyra5,"Villa Dolores 2",2,15,31,Zone,,,,,,Bridging,,,,,,,,,Enabled,Enabled,"2025-02-11 19:56:03",Online,"Very good",-29.59,-26.19,9071,3647,120,,,translate,300Mbps,300Mbps,,,,"2026-04-16 07:22:08"
HWTC22E6FF9B,gpon,HWTC22E6FF9B,IC425ETB,hfaguirre,"Villa Dolores 2",2,15,42,Zone,,,,,,Bridging,,,,,,,,,Enabled,Enabled,"2026-04-15 18:42:05",Online,"Very good",-28.87,-24.68,8941,911,120,,,translate,300Mbps,300Mbps,,,,"2026-04-15 18:42:11"
TPLGE31A9C40,gpon,TPLGE31A9C40,TX-6610,falassia,"Villa Dolores 2",2,15,43,Zone,,,,,,Bridging,,,,,,,,,Enabled,Enabled,"2025-02-20 09:37:01",Online,"Very good",-29.59,-24.31,9395,444,120,,,translate,300Mbps,300Mbps,,,,"2026-04-14 21:58:31"
HWTC7DA7035D,gpon,HWTC7DA7035D,HG8310M,smcattalini,"Villa Dolores 2",2,15,50,Zone,,,,,,Bridging,,,,,,,,,"Not supported by ONU-Type",Enabled,"2026-02-18 09:41:45",Online,"Very good",-27.7,-22.52,9189,108,120,,,translate,1G,1G,,,,"2026-04-14 18:06:25"
